{"_timestamp":1.7395475033166754e+09,"_step":10,"Localization/TN":44.210843183826995,"AP_1":8.459999999999999,"_wandb":{"runtime":63},"Localization/Binary Accuracy":0.5759292244911194,"Localization/IOU":0.006144053773369846,"trainer/global_step":0,"AP_2":4.54,"AP_4":1.56,"Localization/TP":13.38208089422747,"Localization/FN":5.543691191727351,"AP_0":12.959999999999999,"_runtime":62.332280155,"AP_3":2.92,"Localization/FP":36.86338473021819}