{"_wandb":{"runtime":1202},"trainer/global_step":0,"Localization/TP":15.261411483014761,"Localization/FN":3.664360602940058,"Localization/IOU":0.008654836505801749,"epoch":0,"AP_1":20.06,"_runtime":1200.890616411,"Localization/FP":40.1347238828492,"_step":11,"AP_2":13.919999999999998,"AP_3":8.239999999999998,"_timestamp":1.7395695159260488e+09,"Localization/Binary Accuracy":0.5620091557502747,"AP_0":28.280000686645508,"avg_AP":15.03600025177002,"Localization/TN":40.93950403119598,"AP_4":4.680000000000001}