{"Localization/Binary Accuracy":0.45764297246932983,"avg_AP":0.11599999666213989,"Localization/FN":12.360619757652962,"_wandb":{"runtime":23},"epoch":0,"_runtime":22.4804049,"Localization/TN":29.740079349853044,"label top-5 accuracy":1,"AP_4":0.01,"_step":11,"AP_3":0.04,"label top-3 accuracy":0.9556650519371033,"Localization/IOU":0.0029357034247957953,"Localization/FP":41.87508153696214,"AP_1":0.15,"_timestamp":1.7395278390176697e+09,"trainer/global_step":0,"Localization/TP":16.02421935553185,"AP_0":0.3100000023841858,"AP_2":0.06999999999999999,"label top-1 accuracy":0.807881772518158}