{"AP_1":14.350000000000003,"Localization/FP":29.194014217270674,"Localization/Binary Accuracy":0.6326708197593689,"trainer/global_step":0,"Localization/IOU":0.008370124143406547,"label top-3 accuracy":0.9507389068603516,"AP_4":3.2299999999999995,"AP_0":21.690000534057617,"Localization/FN":7.538900906836715,"_runtime":122.630761198,"AP_3":5.74,"AP_2":9.120000000000001,"_step":11,"label top-5 accuracy":0.9950739145278931,"Localization/TN":39.76235948024103,"_timestamp":1.739522854039068e+09,"avg_AP":10.826000213623047,"label top-1 accuracy":0.8325123190879822,"epoch":0,"_wandb":{"runtime":124},"Localization/TP":23.504725395651576}