{"epoch":0,"label top-1 accuracy":0.8374384045600891,"Localization/TN":43.94721625164431,"Localization/TP":22.036078416917583,"Localization/IOU":0.010022553699136634,"avg_AP":10.486000061035156,"AP_1":13.969999999999999,"_runtime":758.66129212,"AP_3":5.5600000000000005,"AP_2":8.889999999999999,"_timestamp":1.7395236355447857e+09,"label top-3 accuracy":0.9507389068603516,"_wandb":{"runtime":761},"_step":11,"Localization/Binary Accuracy":0.6598329544067383,"AP_0":20.920000076293945,"Localization/FP":25.03127354154716,"label top-5 accuracy":0.9950739145278931,"trainer/global_step":0,"AP_4":3.0900000000000003,"Localization/FN":8.985431789890947}