{"_timestamp":1.7393793932851038e+09,"_runtime":970.061864053,"trainer/global_step":0,"Localization/FP":28.90450838146272,"_wandb":{"runtime":973},"AP_3":3.2399999999999998,"AP_1":10.49,"Localization/TP":21.904380138824575,"Localization/IOU":0.008472989665515551,"AP_4":1.6900000000000002,"epoch":0,"avg_AP":7.599999904632568,"Localization/FN":9.139246163663715,"AP_2":5.89,"_step":11,"Localization/Binary Accuracy":0.6195624470710754,"Localization/TN":40.05186531604899,"AP_0":16.690000534057617}