{"_step":11,"label top-5 accuracy":0.9950739145278931,"Localization/FN":6.687354431167108,"_runtime":77.73200603,"avg_AP":8.503999710083008,"_timestamp":1.739530217697443e+09,"AP_2":6.94,"Localization/TP":24.356271871321184,"AP_1":11.629999999999999,"Localization/Binary Accuracy":0.5926207304000854,"_wandb":{"runtime":79},"label top-1 accuracy":0.802955687046051,"Localization/IOU":0.008947874228178906,"label top-3 accuracy":0.9507389068603516,"AP_0":17.790000915527344,"trainer/global_step":0,"AP_3":3.85,"AP_4":2.31,"Localization/TN":34.90580309456397,"epoch":0,"Localization/FP":34.05057060294774}