{"Localization/FN":7.87141026202198,"label top-1 accuracy":0.7487684488296509,"AP_0":17.040000915527344,"Localization/TN":40.37162719941884,"Localization/Binary Accuracy":0.6354384422302246,"AP_3":3.47,"Localization/TP":23.172216040466314,"_wandb":{"runtime":299},"_runtime":297.754713473,"avg_AP":7.98199987411499,"Localization/IOU":0.008447273310502067,"_step":11,"_timestamp":1.7394898726564817e+09,"AP_2":6.08,"Localization/FP":28.584746498092873,"trainer/global_step":0,"AP_4":1.95,"epoch":0,"label top-5 accuracy":0.9901477694511414,"label top-3 accuracy":0.9064039587974548,"AP_1":11.370000000000001}