{"Localization/TP":22.083843040225954,"AP_3":6.42,"label top-3 accuracy":0.9753694534301758,"AP_1":17.35,"trainer/global_step":0,"_timestamp":1.739440485955674e+09,"label top-5 accuracy":0.9852216839790344,"label top-1 accuracy":0.8522167205810547,"_wandb":{"runtime":930},"Localization/FN":8.894586855206382,"AP_0":24.469999313354492,"Localization/TN":47.72023753301096,"Localization/FP":21.301332571556706,"Localization/IOU":0.010720489690658147,"epoch":0,"_runtime":928.299486874,"_step":11,"AP_4":3.38,"avg_AP":12.447999954223633,"AP_2":10.620000000000001,"Localization/Binary Accuracy":0.698040783405304}