{"AP_3":3.91,"label top-5 accuracy":0.9802955389022827,"Localization/TP":22.03707671290313,"_timestamp":1.7394783107410274e+09,"label top-3 accuracy":0.9014778137207031,"AP_0":15.420000076293945,"trainer/global_step":0,"_wandb":{"runtime":105},"_runtime":103.56671855,"avg_AP":7.526000022888184,"AP_4":2.2399999999999998,"_step":11,"AP_1":10,"AP_2":6.0600000000000005,"Localization/FP":28.956726940706595,"Localization/Binary Accuracy":0.6203672289848328,"Localization/FN":9.006549589585163,"epoch":0,"label top-1 accuracy":0.743842363357544,"Localization/TN":39.99964675680511,"Localization/IOU":0.0076316702819830984}