{"Localization/Binary Accuracy":0.620332658290863,"_runtime":125.885371688,"_step":11,"Localization/TP":22.04145385683975,"AP_3":3.72,"Localization/FP":28.964559724593176,"Localization/IOU":0.007604458756810998,"trainer/global_step":0,"_wandb":{"runtime":128},"label top-1 accuracy":0.743842363357544,"AP_0":16.020000457763672,"avg_AP":7.723999977111816,"Localization/FN":9.002172445648544,"AP_1":10.459999999999999,"label top-3 accuracy":0.9064039587974548,"epoch":0,"_timestamp":1.7394681117227025e+09,"AP_4":1.9700000000000002,"AP_2":6.45,"Localization/TN":39.991813972918536,"label top-5 accuracy":0.9753694534301758}