{"label top-3 accuracy":0.8817734122276306,"AP_3":3.7600000000000002,"Localization/TN":40.20084179389181,"Localization/Binary Accuracy":0.6250715255737305,"AP_2":6.380000000000001,"_timestamp":1.7393815604848464e+09,"Localization/FN":8.737316841483652,"avg_AP":7.9079999923706055,"AP_4":1.9300000000000002,"_wandb":{"runtime":1011},"label top-1 accuracy":0.7290640473365784,"AP_1":10.85,"Localization/TP":22.306309461004638,"label top-5 accuracy":0.9704433679580688,"AP_0":16.6200008392334,"_step":11,"_runtime":1008.984824054,"trainer/global_step":0,"epoch":0,"Localization/IOU":0.008327319765807733,"Localization/FP":28.755531903619897}