{"_timestamp":1.7394575540809584e+09,"trainer/global_step":0,"Localization/Binary Accuracy":0.6577664613723755,"Localization/FP":25.358945000802475,"_step":11,"Localization/TN":43.684050071454955,"AP_3":5.319999999999999,"AP_2":7.609999999999999,"avg_AP":9.315999984741211,"AP_0":18.09000015258789,"Localization/IOU":0.009838583316516245,"_wandb":{"runtime":760},"epoch":0,"Localization/FN":8.864407599643378,"Localization/TP":22.09259732809919,"label top-5 accuracy":0.9901477694511414,"AP_4":3.5599999999999996,"AP_1":11.999999999999998,"label top-1 accuracy":0.7931034564971924,"_runtime":758.159467297,"label top-3 accuracy":0.9753694534301758}