{"Localization/TP":21.684371062010307,"label top-5 accuracy":0.9753694534301758,"_step":11,"Localization/FP":33.309604605676924,"Localization/FN":9.359255240477985,"AP_4":0.78,"AP_1":6.199999999999999,"label top-1 accuracy":0.7093595862388611,"_timestamp":1.7394465489863908e+09,"AP_2":3.71,"_runtime":76.254531194,"epoch":0,"trainer/global_step":0,"Localization/TN":35.646769091834784,"AP_3":1.7800000000000005,"label top-3 accuracy":0.9014778137207031,"_wandb":{"runtime":78},"Localization/Binary Accuracy":0.5733113884925842,"avg_AP":4.328000068664551,"Localization/IOU":0.007150752562756194,"AP_0":9.170000076293945}