{"label top-3 accuracy":0.9655172228813171,"label top-1 accuracy":0.8522167205810547,"_timestamp":1.739492502100218e+09,"Localization/TN":44.425400028720205,"Localization/TP":22.06702559246947,"epoch":0,"trainer/global_step":0,"Localization/Binary Accuracy":0.6649242639541626,"_step":11,"_runtime":740.539046079,"label top-5 accuracy":0.9950739145278931,"AP_1":15.110000000000003,"AP_0":22.690000534057617,"Localization/FP":24.53212554877482,"Localization/FN":8.975448830035502,"_wandb":{"runtime":742},"avg_AP":11.51200008392334,"Localization/IOU":0.010704242421014884,"AP_3":6.1,"AP_2":10.059999999999999,"AP_4":3.599999999999999}