{"AP_0":15.40999984741211,"label top-5 accuracy":0.9753694534301758,"_wandb":{"runtime":129},"_runtime":127.937625476,"avg_AP":7.633999824523926,"_timestamp":1.739470598093794e+09,"_step":11,"Localization/FP":28.9733908044653,"Localization/Binary Accuracy":0.6207312345504761,"AP_2":6.249999999999999,"Localization/FN":8.953486318353518,"epoch":0,"label top-3 accuracy":0.9064039587974548,"AP_3":4.04,"Localization/TP":22.090139984134773,"trainer/global_step":0,"Localization/TN":39.98298289304641,"AP_1":10.19,"AP_4":2.2800000000000002,"label top-1 accuracy":0.7487684488296509,"Localization/IOU":0.007734877899103377}