{"AP_4":2.12,"AP_2":6.44,"_timestamp":1.7395414086743634e+09,"_step":11,"label top-3 accuracy":0.9014778137207031,"label top-1 accuracy":0.738916277885437,"AP_3":4.01,"Localization/IOU":0.007648207964630512,"avg_AP":8.029999732971191,"_wandb":{"runtime":71},"Localization/TN":39.99573036486183,"Localization/FP":28.960643332649884,"Localization/FN":8.983435197919858,"_runtime":69.987116486,"epoch":0,"label top-5 accuracy":0.9753694534301758,"Localization/TP":22.060191104568432,"AP_0":16.700000762939453,"trainer/global_step":0,"AP_1":10.879999999999999,"Localization/Binary Accuracy":0.6205592155456543}