{"Localization/Binary Accuracy":0.6203933358192444,"_wandb":{"runtime":65},"Localization/FN":9.000022269679677,"AP_0":15.1899995803833,"_step":11,"Localization/FP":28.960643332649884,"label top-1 accuracy":0.738916277885437,"label top-5 accuracy":0.9753694534301758,"AP_4":2.23,"AP_2":6.0600000000000005,"epoch":0,"Localization/TN":39.99573036486183,"label top-3 accuracy":0.9014778137207031,"_runtime":63.719800707,"_timestamp":1.7394684555097053e+09,"Localization/TP":22.043604032808613,"avg_AP":7.47599983215332,"AP_1":10,"trainer/global_step":0,"AP_3":3.900000000000001,"Localization/IOU":0.007603093915611163}