{"avg_AP":8.244000434875488,"trainer/global_step":0,"AP_1":11.309999999999999,"AP_3":4.29,"label top-1 accuracy":0.738916277885437,"Localization/TP":23.439221820600068,"AP_2":6.74,"epoch":0,"Localization/FP":29.849433927780193,"Localization/TN":39.10693976973151,"Localization/FN":7.604404481888223,"AP_4":2.5899999999999994,"_timestamp":1.7394802814855065e+09,"_runtime":100.088990179,"_wandb":{"runtime":101},"label top-3 accuracy":0.9064039587974548,"label top-5 accuracy":0.9802955389022827,"Localization/Binary Accuracy":0.6254616379737854,"_step":11,"AP_0":16.290000915527344,"Localization/IOU":0.008399151294416386}