{"AP_3":3.6399999999999997,"_timestamp":1.7395367916254818e+09,"_runtime":699.455164302,"avg_AP":8.196000099182129,"label top-3 accuracy":0.9556650519371033,"Localization/IOU":0.009340807578370181,"AP_1":10.53,"label top-1 accuracy":0.8128078579902649,"Localization/FP":33.77358186295854,"Localization/FN":6.716228222749016,"epoch":0,"Localization/Binary Accuracy":0.5951018929481506,"AP_4":2.09,"_wandb":{"runtime":700},"trainer/global_step":0,"AP_0":17.950000762939453,"label top-5 accuracy":1,"_step":11,"Localization/TN":35.18279183455317,"Localization/TP":24.327398079739275,"AP_2":6.769999999999999}