{"_runtime":187.55865939,"_timestamp":1.7394469222057276e+09,"AP_2":7.7,"AP_3":4.659999999999999,"AP_4":2.6599999999999997,"Localization/TN":38.699404631632625,"trainer/global_step":0,"label top-1 accuracy":0.807881772518158,"Localization/FN":7.564395850467548,"AP_1":12.819999999999999,"Localization/TP":23.479230452020744,"_wandb":{"runtime":189},"Localization/FP":30.256969065879087,"label top-3 accuracy":0.9802955389022827,"_step":11,"Localization/IOU":0.008997070014120846,"avg_AP":9.652000427246094,"epoch":0,"label top-5 accuracy":0.9950739145278931,"AP_0":20.420000076293945,"Localization/Binary Accuracy":0.62178635597229}