{"Localization/TN":37.618173287288855,"Localization/FN":9.556687469619165,"epoch":0,"trainer/global_step":0,"AP_4":0.9700000000000001,"Localization/IOU":0.008392615877755135,"_timestamp":1.739488205383615e+09,"Localization/TP":21.486938832869125,"label top-3 accuracy":0.8522167205810547,"_runtime":259.121168331,"AP_1":8.16,"avg_AP":5.835999965667725,"_wandb":{"runtime":260},"_step":11,"Localization/FP":31.33820041022286,"Localization/Binary Accuracy":0.5910511016845703,"label top-5 accuracy":0.9162561297416687,"AP_3":2.23,"AP_2":4.610000000000001,"AP_0":13.210000038146973,"label top-1 accuracy":0.6256157755851746}