{"Localization/TN":34.8278592156926,"label top-5 accuracy":0.9753694534301758,"epoch":0,"_runtime":539.145500251,"trainer/global_step":0,"_step":11,"AP_1":8.679999999999998,"AP_4":1.6300000000000001,"Localization/FP":34.12851448181911,"AP_0":12.930000305175781,"Localization/Binary Accuracy":0.589820921421051,"avg_AP":6.486000061035156,"AP_2":6.0200000000000005,"Localization/IOU":0.011615305509691812,"_timestamp":1.7395394236303284e+09,"Localization/TP":24.154232122246718,"label top-3 accuracy":0.9014778137207031,"_wandb":{"runtime":540},"label top-1 accuracy":0.743842363357544,"Localization/FN":6.889394180241572,"AP_3":3.1700000000000004}