{"trainer/global_step":0,"Localization/IOU":0.007769475634872299,"Localization/FP":28.59457587395054,"_runtime":227.973741641,"AP_2":7.12,"Localization/Binary Accuracy":0.6263339519500732,"AP_0":16.299999237060547,"Localization/TN":40.36179782356117,"_timestamp":1.739470164019407e+09,"AP_3":4.67,"epoch":0,"_step":11,"label top-1 accuracy":0.7586206793785095,"_wandb":{"runtime":229},"AP_1":10.809999999999999,"AP_4":2.5700000000000003,"Localization/FN":8.772026824981051,"label top-3 accuracy":0.9064039587974548,"label top-5 accuracy":0.9852216839790344,"Localization/TP":22.27159947750724,"avg_AP":8.293999671936035}