{"AP_0":0.699999988079071,"avg_AP":0.2680000066757202,"AP_3":0.04,"AP_2":0.18,"Localization/Binary Accuracy":0.4441596567630768,"AP_4":0.02,"trainer/global_step":0,"_timestamp":1.7395282391840801e+09,"label top-5 accuracy":0.9950739145278931,"Localization/TP":17.348763324098872,"AP_1":0.4,"label top-3 accuracy":0.9507389068603516,"Localization/IOU":0.0031180227950506345,"_wandb":{"runtime":24},"label top-1 accuracy":0.7980295419692993,"_step":11,"Localization/FN":11.036075789085942,"Localization/TN":27.067201804940566,"_runtime":23.205117072,"epoch":0,"Localization/FP":44.54795908187462}