{"label top-3 accuracy":0.8522167205810547,"Localization/IOU":0.009605049013729229,"_step":11,"label top-5 accuracy":0.9162561297416687,"_wandb":{"runtime":267},"Localization/TN":42.80562639617453,"trainer/global_step":0,"label top-1 accuracy":0.6256157755851746,"Localization/FN":7.756145471691013,"Localization/FP":26.15074730133718,"AP_2":6.82,"AP_0":18.81999969482422,"AP_1":11.97,"_timestamp":1.7394647242950292e+09,"Localization/Binary Accuracy":0.6609310507774353,"_runtime":265.365662991,"Localization/TP":23.28748083079728,"avg_AP":8.649999618530273,"AP_4":1.75,"AP_3":3.8899999999999997,"epoch":0}