{"_step":11,"trainer/global_step":0,"AP_4":2.71,"epoch":0,"label top-1 accuracy":0.738916277885437,"_runtime":143.981384168,"label top-5 accuracy":0.9753694534301758,"Localization/FP":29.018851667807027,"AP_2":7.63,"AP_1":12.32,"AP_3":4.620000000000001,"Localization/Binary Accuracy":0.6326662302017212,"_timestamp":1.7394811354303792e+09,"Localization/FN":7.71452420829369,"label top-3 accuracy":0.9014778137207031,"Localization/TP":23.3291020941946,"_wandb":{"runtime":145},"AP_0":18.700000762939453,"avg_AP":9.196000099182129,"Localization/IOU":0.008991613791928981,"Localization/TN":39.93752202970468}