{"_wandb":{"runtime":168},"Localization/TN":38.780113022463965,"Localization/Binary Accuracy":0.6204071640968323,"AP_2":6.4399999999999995,"Localization/FP":30.176260675047743,"trainer/global_step":0,"_runtime":166.788722817,"AP_4":2.64,"AP_1":10.890000000000002,"epoch":0,"AP_3":4.180000000000001,"AP_0":15.949999809265137,"Localization/TP":23.26060363118646,"Localization/IOU":0.008214913659413214,"Localization/FN":7.783022671301831,"_step":11,"_timestamp":1.7393913543240285e+09,"avg_AP":8.020000457763672}