{"Localization/TP":23.50226805168716,"AP_2":5.43,"Localization/Binary Accuracy":0.625950038433075,"label top-3 accuracy":0.9014778137207031,"Localization/FP":29.863640447574486,"_runtime":96.783601686,"avg_AP":6.98199987411499,"trainer/global_step":0,"_timestamp":1.7393903158540552e+09,"label top-5 accuracy":0.9704433679580688,"_step":11,"Localization/FN":7.541358250801132,"Localization/IOU":0.00809229147319857,"AP_0":14.380000114440918,"Localization/TN":39.092733249937226,"AP_3":3.55,"AP_4":2.1799999999999997,"label top-1 accuracy":0.7093595862388611,"epoch":0,"_wandb":{"runtime":97},"AP_1":9.370000000000001}