{"AP_0":16.559999465942383,"_timestamp":1.7393803021343496e+09,"AP_1":10.45,"_wandb":{"runtime":298},"epoch":0,"_step":11,"label top-3 accuracy":0.9704433679580688,"AP_2":5.86,"Localization/FP":29.191556873306258,"label top-5 accuracy":0.9901477694511414,"label top-1 accuracy":0.866995096206665,"avg_AP":7.552000045776367,"Localization/Binary Accuracy":0.6167365312576294,"Localization/TN":39.764816824205454,"Localization/FN":9.134792227728209,"Localization/TP":21.908834074760083,"_runtime":296.972472006,"trainer/global_step":0,"Localization/IOU":0.008325058463526339,"AP_4":1.67,"AP_3":3.22}