{"_runtime":183.391295374,"avg_AP":9.553999900817871,"_step":11,"AP_3":5.039999999999999,"Localization/Binary Accuracy":0.6295584440231323,"epoch":0,"label top-3 accuracy":0.9113300442695618,"label top-1 accuracy":0.743842363357544,"Localization/FN":7.843457974426729,"Localization/FP":29.200695121173936,"AP_4":3.0000000000000004,"AP_2":7.910000000000001,"trainer/global_step":0,"Localization/TP":23.20016832806156,"AP_0":18.8799991607666,"AP_1":12.939999999999998,"label top-5 accuracy":0.9802955389022827,"Localization/IOU":0.009176889067310868,"_wandb":{"runtime":184},"Localization/TN":39.75567857633777,"_timestamp":1.7394813511814268e+09}