{"Localization/TN":39.804134327636135,"AP_2":7.610000000000001,"AP_1":12.569999999999999,"label top-3 accuracy":0.9113300442695618,"Localization/Binary Accuracy":0.6279220581054688,"label top-1 accuracy":0.743842363357544,"_wandb":{"runtime":442},"_step":11,"trainer/global_step":0,"AP_3":5.1899999999999995,"Localization/IOU":0.009305625698081915,"Localization/TP":22.988068827132764,"_runtime":441.223436435,"avg_AP":9.435999870300293,"AP_0":18.709999084472656,"Localization/FP":29.152239369875577,"_timestamp":1.7394826325517738e+09,"Localization/FN":8.055557475355528,"AP_4":3.1000000000000005,"label top-5 accuracy":0.9802955389022827,"epoch":0}