{"Localization/FN":7.5529538426332286,"epoch":0,"trainer/global_step":0,"AP_4":3.28,"AP_3":6.7299999999999995,"Localization/TP":23.490672459855062,"label top-1 accuracy":0.738916277885437,"AP_0":24.489999771118164,"Localization/IOU":0.009337957040694784,"avg_AP":12.5,"_timestamp":1.7394614718565745e+09,"Localization/FP":25.942640984350557,"Localization/TN":43.013732713161154,"label top-5 accuracy":0.9802955389022827,"_runtime":304.181366179,"Localization/Binary Accuracy":0.6650440692901611,"label top-3 accuracy":0.9064039587974548,"_wandb":{"runtime":305},"AP_2":10.789999999999997,"_step":11,"AP_1":17.21}