{"_step":11,"Localization/FP":26.35900720232158,"Localization/FN":8.92699307873714,"Localization/TP":22.099585399998002,"_timestamp":1.7395248359084222e+09,"Localization/TN":42.61441431894328,"trainer/global_step":0,"label top-1 accuracy":0.7536945939064026,"avg_AP":8.09000015258789,"AP_4":2.13,"label top-5 accuracy":0.9655172228813171,"AP_3":3.770000000000001,"AP_2":6.76,"AP_0":16.920000076293945,"Localization/Binary Accuracy":0.6471400260925293,"_wandb":{"runtime":922},"label top-3 accuracy":0.9014778137207031,"epoch":0,"AP_1":10.870000000000001,"_runtime":920.040128565,"Localization/IOU":0.009728995255912889}