{"AP_2":0.18,"_step":11,"label top-1 accuracy":0.807881772518158,"trainer/global_step":0,"AP_4":0.02,"AP_0":0.699999988079071,"_timestamp":1.73952891606807e+09,"Localization/IOU":0.0031180227950506345,"Localization/TP":17.348763324098872,"AP_3":0.04,"Localization/Binary Accuracy":0.4441596567630768,"_wandb":{"runtime":24},"Localization/FN":11.036075789085942,"epoch":0,"label top-3 accuracy":0.9556650519371033,"avg_AP":0.2680000066757202,"_runtime":23.448982236,"AP_1":0.4,"Localization/FP":44.54795908187462,"label top-5 accuracy":1,"Localization/TN":27.067201804940566}