{"avg_AP":2.927999973297119,"AP_4":0.41,"epoch":0,"_runtime":226.110774687,"AP_2":2.3600000000000003,"_step":11,"AP_3":1.08,"Localization/TN":40.31172944028616,"_timestamp":1.7394437653387446e+09,"Localization/FP":28.64464425722555,"label top-5 accuracy":0.931034505367279,"AP_1":4.2700000000000005,"label top-1 accuracy":0.4285714328289032,"label top-3 accuracy":0.7783251404762268,"trainer/global_step":0,"AP_0":6.519999980926514,"_wandb":{"runtime":227},"Localization/FN":7.947127172925598,"Localization/TP":23.09649912956269,"Localization/Binary Accuracy":0.6340822577476501,"Localization/IOU":0.009885991313247347}