{"Localization/FP":26.274075251551395,"Localization/IOU":0.008623057613103993,"Localization/TN":42.68229844596032,"_runtime":261.880479077,"AP_3":6.279999999999999,"AP_4":3.1999999999999997,"label top-3 accuracy":0.871921181678772,"Localization/Binary Accuracy":0.6587463617324829,"epoch":0,"AP_0":25.549999237060547,"_timestamp":1.7394633231200476e+09,"AP_2":10.959999999999999,"_step":11,"trainer/global_step":0,"AP_1":17.88,"Localization/FN":7.8512907583133105,"_wandb":{"runtime":263},"Localization/TP":23.19233554417498,"label top-5 accuracy":0.9753694534301758,"avg_AP":12.77400016784668,"label top-1 accuracy":0.7487684488296509}