{"trainer/global_step":0,"_runtime":64.096889534,"Localization/Binary Accuracy":0.6201736927032471,"AP_2":3.4199999999999995,"_timestamp":1.7394691984679632e+09,"AP_4":0.96,"AP_1":6.07,"AP_0":9.84000015258789,"label top-3 accuracy":0.9064039587974548,"Localization/IOU":0.007630098463670621,"_wandb":{"runtime":65},"AP_3":1.9900000000000002,"avg_AP":4.455999851226807,"Localization/FP":28.97700002841304,"Localization/TP":22.037998216889786,"label top-5 accuracy":0.9753694534301758,"_step":11,"label top-1 accuracy":0.7487684488296509,"Localization/TN":39.97937366909866,"Localization/FN":9.005628085598506,"epoch":0}