{"_timestamp":1.7395374245015934e+09,"AP_4":2.2500000000000004,"_runtime":550.380820298,"Localization/FP":33.5867469296639,"_wandb":{"runtime":551},"Localization/IOU":0.009191516145862711,"AP_0":18.5,"epoch":0,"Localization/TP":24.33246635166589,"Localization/TN":35.369626767847805,"trainer/global_step":0,"avg_AP":8.477999687194824,"AP_2":6.899999999999999,"Localization/FN":6.711159950822404,"label top-1 accuracy":0.802955687046051,"_step":11,"AP_1":10.979999999999999,"AP_3":3.7600000000000002,"label top-5 accuracy":1,"label top-3 accuracy":0.9556650519371033,"Localization/Binary Accuracy":0.5970209240913391}