{"AP_0":12.959999999999999,"_runtime":62.43762656,"_timestamp":1.7395489768073344e+09,"Localization/FP":36.86338473021819,"AP_2":4.54,"Localization/FN":5.543691191727351,"_step":10,"Localization/TN":44.210843183826995,"Localization/IOU":0.006144053773369846,"AP_1":8.459999999999999,"Localization/TP":13.38208089422747,"AP_3":2.92,"_wandb":{"runtime":63},"Localization/Binary Accuracy":0.5759292244911194,"trainer/global_step":0,"AP_4":1.56}