{"Localization/Binary Accuracy":0.6298710107803345,"_step":11,"AP_3":3.8,"AP_2":6.2700000000000005,"Localization/TN":40.08012477163979,"label top-5 accuracy":0.9852216839790344,"_timestamp":1.7393900115235453e+09,"Localization/IOU":0.008054433222622174,"label top-3 accuracy":0.9655172228813171,"_runtime":189.5836777,"label top-1 accuracy":0.7044335007667542,"avg_AP":7.394000053405762,"epoch":0,"_wandb":{"runtime":190},"AP_4":2.19,"Localization/TP":22.90697647630698,"Localization/FP":28.876248925871916,"Localization/FN":8.13664982618131,"AP_1":9.610000000000001,"trainer/global_step":0,"AP_0":15.100000381469727}