{"trainer/global_step":0,"Localization/Binary Accuracy":0.5963835716247559,"Localization/IOU":0.009188075775419975,"Localization/FP":33.647412608785466,"avg_AP":8.723999977111816,"_runtime":245.7992214,"_timestamp":1.7395315316674466e+09,"_step":11,"Localization/TP":24.329394671710368,"AP_3":4.040000000000001,"AP_4":2.37,"Localization/FN":6.714231630777926,"AP_1":11.66,"label top-1 accuracy":0.802955687046051,"label top-5 accuracy":0.9950739145278931,"Localization/TN":35.30896108872624,"_wandb":{"runtime":247},"AP_0":18.469999313354492,"epoch":0,"AP_2":7.079999999999998,"label top-3 accuracy":0.9507389068603516}