{"_runtime":109.456475213,"AP_1":10.000000000000002,"label top-3 accuracy":0.9014778137207031,"Localization/FP":28.975157020439728,"Localization/TP":22.03815180088756,"_step":11,"AP_2":6.05,"Localization/FN":9.00547450160073,"_timestamp":1.7394744670023339e+09,"Localization/IOU":0.007630736197611258,"_wandb":{"runtime":110},"Localization/Binary Accuracy":0.6201936602592468,"avg_AP":7.51200008392334,"Localization/TN":39.981216677071984,"trainer/global_step":0,"label top-1 accuracy":0.743842363357544,"AP_3":3.8800000000000003,"epoch":0,"AP_0":15.40999984741211,"label top-5 accuracy":0.9753694534301758,"AP_4":2.22}