{"AP_0":24.719999313354492,"Localization/TP":23.088666345676113,"_runtime":272.821811703,"label top-5 accuracy":0.9802955389022827,"AP_2":11.220000000000002,"_wandb":{"runtime":274},"AP_1":18.09,"Localization/TN":42.84240976364191,"Localization/Binary Accuracy":0.6593107581138611,"avg_AP":12.718000411987305,"Localization/IOU":0.009034410685436253,"label top-1 accuracy":0.738916277885437,"Localization/FN":7.95495995681218,"AP_3":6.470000000000001,"_timestamp":1.7394602813953834e+09,"AP_4":3.0900000000000007,"Localization/FP":26.113963933869805,"_step":11,"label top-3 accuracy":0.9064039587974548,"trainer/global_step":0,"epoch":0}