{"label top-3 accuracy":0.9556650519371033,"Localization/Binary Accuracy":0.593116819858551,"avg_AP":8.616000175476074,"label top-5 accuracy":1,"AP_2":6.970000000000001,"AP_1":11.82,"epoch":0,"AP_0":18.049999237060547,"AP_4":2.3299999999999996,"Localization/IOU":0.00891175412931011,"Localization/TN":34.95210866989347,"_step":11,"trainer/global_step":0,"Localization/FN":6.684052375214922,"_runtime":187.618241232,"_timestamp":1.7395301014728756e+09,"Localization/TP":24.35957392727337,"Localization/FP":34.00426502761824,"AP_3":3.91,"label top-1 accuracy":0.807881772518158,"_wandb":{"runtime":189}}