{"trainer/global_step":0,"Localization/IOU":0.006144053773369846,"AP_3":2.92,"AP_2":4.54,"Localization/FP":36.86338473021819,"AP_0":12.959999999999999,"Localization/TN":44.210843183826995,"_timestamp":1.7395479680155795e+09,"_step":10,"_wandb":{"runtime":65},"_runtime":63.818444394,"Localization/TP":13.38208089422747,"AP_4":1.56,"Localization/Binary Accuracy":0.5759292244911194,"AP_1":8.459999999999999,"Localization/FN":5.543691191727351}