{"_wandb":{"runtime":560},"Localization/TP":24.25659585676449,"epoch":0,"label top-3 accuracy":0.931034505367279,"Localization/Binary Accuracy":0.5909282565116882,"avg_AP":9.052000045776367,"AP_2":7.8,"AP_0":18.479999542236328,"Localization/FP":34.120144153940316,"Localization/FN":6.787030445723799,"_runtime":559.454677411,"AP_3":4.430000000000001,"label top-5 accuracy":0.9950739145278931,"_timestamp":1.7395381508188493e+09,"Localization/IOU":0.010580526990233213,"AP_4":2.3899999999999997,"AP_1":12.16,"_step":11,"Localization/TN":34.83622954357139,"label top-1 accuracy":0.802955687046051,"trainer/global_step":0}