{"Localization/TN":35.34896972014692,"Localization/Binary Accuracy":0.5967705845832825,"AP_3":4.17,"AP_4":2.34,"_runtime":281.858125098,"_step":11,"avg_AP":8.961999893188477,"Localization/IOU":0.009287194546076282,"label top-3 accuracy":0.9507389068603516,"label top-5 accuracy":0.9950739145278931,"epoch":0,"Localization/TP":24.328089207729267,"trainer/global_step":0,"AP_1":11.990000000000002,"Localization/FP":33.60740397736479,"label top-1 accuracy":0.802955687046051,"_timestamp":1.739531236623512e+09,"Localization/FN":6.715537094759023,"_wandb":{"runtime":283},"AP_0":18.84000015258789,"AP_2":7.470000000000001}