{"Localization/IOU":0.0050394696445512435,"_wandb":{"runtime":76},"trainer/global_step":0,"AP_0":0.27000001072883606,"_runtime":74.236279546,"label top-3 accuracy":0.37931033968925476,"AP_1":0.12,"Localization/TN":33.1285290722989,"_timestamp":1.7395293776725047e+09,"avg_AP":0.09000000357627869,"Localization/FP":35.82784462521281,"AP_2":0.04,"AP_4":0,"_step":11,"label top-1 accuracy":0.1428571492433548,"Localization/FN":13.647858002379015,"AP_3":0.02,"Localization/Binary Accuracy":0.5052430033683777,"epoch":0,"Localization/TP":17.395768300109275,"label top-5 accuracy":0.5714285969734192}