{"trainer/global_step":0,"Localization/TP":22.03669275290869,"AP_4":2.22,"Localization/Binary Accuracy":0.6201752424240112,"label top-1 accuracy":0.7487684488296509,"epoch":0,"label top-5 accuracy":0.9753694534301758,"AP_1":9.970000000000002,"Localization/FP":28.975540980434168,"AP_2":6.0200000000000005,"Localization/FN":9.006933549579601,"_runtime":89.755463365,"AP_0":15.430000305175781,"_step":11,"AP_3":3.8699999999999997,"avg_AP":7.501999855041504,"Localization/TN":39.98083271707754,"_timestamp":1.7394749403478467e+09,"_wandb":{"runtime":91},"Localization/IOU":0.007621365124591143,"label top-3 accuracy":0.9064039587974548}