{"AP_0":12.959999999999999,"_wandb":{"runtime":63},"trainer/global_step":0,"AP_4":1.56,"Localization/TP":13.38208089422747,"AP_2":4.54,"Localization/Binary Accuracy":0.5759292244911194,"_timestamp":1.7395473866019993e+09,"_step":10,"Localization/FP":36.86338473021819,"AP_1":8.459999999999999,"Localization/TN":44.210843183826995,"Localization/FN":5.543691191727351,"_runtime":62.052084577,"AP_3":2.92,"Localization/IOU":0.006144053773369846}