{"AP_4":0.01,"_wandb":{"runtime":23},"AP_1":0.15,"epoch":0,"AP_2":0.06999999999999999,"AP_3":0.04,"AP_0":0.3100000023841858,"Localization/FN":12.360619757652962,"label top-5 accuracy":0.9950739145278931,"_timestamp":1.739527532367618e+09,"Localization/Binary Accuracy":0.45764297246932983,"Localization/TP":16.02421935553185,"Localization/TN":29.740079349853044,"trainer/global_step":0,"Localization/FP":41.87508153696214,"avg_AP":0.11599999666213989,"label top-3 accuracy":0.9507389068603516,"_step":11,"_runtime":21.841648841,"label top-1 accuracy":0.802955687046051,"Localization/IOU":0.0029357034247957953}