{"Localization/TN":39.99557678086405,"epoch":0,"label top-5 accuracy":0.9802955389022827,"AP_2":6.07,"_timestamp":1.7394779652536843e+09,"trainer/global_step":0,"Localization/FN":9.000252645676342,"Localization/FP":28.960796916647663,"label top-3 accuracy":0.9064039587974548,"avg_AP":7.504000186920166,"Localization/IOU":0.007602852671059006,"Localization/TP":22.043373656811948,"AP_1":10.04,"AP_0":15.270000457763672,"_wandb":{"runtime":103},"AP_4":2.23,"label top-1 accuracy":0.738916277885437,"_runtime":101.316554649,"Localization/Binary Accuracy":0.6203895211219788,"AP_3":3.91,"_step":11}