{"_runtime":63.378284153,"Localization/TP":21.43510423361969,"_step":11,"epoch":0,"AP_4":0.11000000000000001,"avg_AP":0.6899999976158142,"_timestamp":1.739477284133145e+09,"AP_1":1.05,"trainer/global_step":0,"Localization/IOU":0.004889848996602224,"AP_0":1.3799999952316284,"Localization/FP":29.58050834767424,"label top-1 accuracy":0.08374384045600891,"label top-3 accuracy":0.29064038395881653,"label top-5 accuracy":0.4876847267150879,"Localization/FN":9.6085220688686,"AP_3":0.21000000000000002,"Localization/TN":39.37586534983747,"Localization/Binary Accuracy":0.608109712600708,"_wandb":{"runtime":64},"AP_2":0.7}