{"AP_2":5.77,"_runtime":140.234048598,"Localization/IOU":0.0076014133092059755,"_wandb":{"runtime":141},"Localization/Binary Accuracy":0.6203871965408325,"AP_4":1.6800000000000002,"avg_AP":7.254000186920166,"Localization/TN":39.99350339689407,"AP_0":15.510000228881836,"Localization/FN":8.998409637703029,"label top-5 accuracy":0.9753694534301758,"epoch":0,"Localization/FP":28.962870300617638,"label top-3 accuracy":0.9064039587974548,"trainer/global_step":0,"label top-1 accuracy":0.743842363357544,"_step":11,"AP_3":3.3,"_timestamp":1.7394682884704576e+09,"AP_1":10.010000000000002,"Localization/TP":22.045216664785265}