{"Localization/TN":35.06960042819219,"Localization/FP":33.88677326931953,"AP_0":18.399999618530273,"_wandb":{"runtime":534},"Localization/TP":24.368481799144384,"label top-3 accuracy":0.9556650519371033,"_runtime":533.672001828,"label top-5 accuracy":1,"AP_4":2.2700000000000005,"_step":11,"AP_2":6.9700000000000015,"avg_AP":8.675999641418457,"Localization/FN":6.675144503343907,"AP_1":11.77,"AP_3":3.9699999999999998,"Localization/Binary Accuracy":0.594380795955658,"Localization/IOU":0.009027901264394811,"_timestamp":1.7395331145156476e+09,"trainer/global_step":0,"label top-1 accuracy":0.807881772518158,"epoch":0}