{"Localization/TP":27.314990796478934,"AP_0":5.659999847412109,"_timestamp":1.7395306674817936e+09,"avg_AP":2.6080000400543213,"AP_1":3.1699999999999995,"AP_4":0.7100000000000001,"label top-3 accuracy":0.9556650519371033,"Localization/Binary Accuracy":0.49314823746681213,"Localization/TN":21.999832593442424,"_wandb":{"runtime":162},"trainer/global_step":0,"_step":11,"label top-1 accuracy":0.802955687046051,"Localization/FP":46.95654110406928,"_runtime":161.36948813,"AP_3":1.3099999999999998,"label top-5 accuracy":1,"epoch":0,"AP_2":2.19,"Localization/FN":3.7286355060093577,"Localization/IOU":0.010384301844608321}