{"AP_4":1.4400000000000002,"AP_0":15.430000305175781,"label top-1 accuracy":0.738916277885437,"Localization/TN":39.0890472339906,"_runtime":156.711393357,"_step":11,"avg_AP":7.099999904632568,"trainer/global_step":0,"_timestamp":1.7394703498969197e+09,"label top-3 accuracy":0.8866994976997375,"AP_2":5.77,"Localization/FP":29.867326463521117,"Localization/IOU":0.007290140734095672,"Localization/TP":20.983260112162395,"_wandb":{"runtime":158},"label top-5 accuracy":0.9950739145278931,"epoch":0,"Localization/FN":10.060366190325897,"AP_1":9.709999999999999,"Localization/Binary Accuracy":0.6007230877876282,"AP_3":3.15}