{"AP_4":2.1700000000000004,"Localization/FP":33.67021983245522,"Localization/IOU":0.009527594694856076,"Localization/TP":24.416092838454976,"epoch":0,"Localization/FN":6.6275334640333154,"Localization/TN":35.28615386505649,"avg_AP":8.251999855041504,"label top-3 accuracy":0.9507389068603516,"_timestamp":1.739530461934418e+09,"AP_0":17.65999984741211,"trainer/global_step":0,"AP_2":7.039999999999999,"AP_3":3.7,"Localization/Binary Accuracy":0.5970224738121033,"_step":11,"label top-5 accuracy":0.9950739145278931,"_runtime":148.932631987,"label top-1 accuracy":0.802955687046051,"_wandb":{"runtime":150},"AP_1":10.690000000000001}