{"_runtime":76.411447352,"AP_4":3.3,"Localization/TN":40.93205520730384,"AP_0":23.36,"Localization/FN":4.323466329396208,"_step":10,"AP_2":9.860000000000001,"_wandb":{"runtime":77},"AP_3":5.74,"trainer/global_step":0,"_timestamp":1.739566934464299e+09,"AP_1":15.52,"Localization/FP":40.14217270674134,"Localization/IOU":0.007307040387411525,"Localization/Binary Accuracy":0.5553436279296875,"Localization/TP":14.602305756558613}