{"label top-3 accuracy":0.9113300442695618,"Localization/TN":46.897795224919925,"Localization/TP":21.718005957523275,"_step":11,"label top-1 accuracy":0.743842363357544,"AP_2":11.14,"_timestamp":1.739462627529558e+09,"Localization/FP":22.136599143462043,"_runtime":874.373237087,"Localization/Binary Accuracy":0.6861580014228821,"Localization/IOU":0.010537391321808543,"AP_1":17.96,"avg_AP":12.593999862670898,"AP_3":6.370000000000001,"label top-5 accuracy":0.9802955389022827,"AP_0":24.479999542236328,"trainer/global_step":0,"Localization/FN":9.247599674094758,"_wandb":{"runtime":876},"AP_4":3.0200000000000005,"epoch":0}