{"_runtime":23.224841322,"label top-5 accuracy":1,"label top-1 accuracy":0.8128078579902649,"AP_4":0.02,"Localization/FP":44.54795908187462,"AP_3":0.04,"Localization/FN":11.036075789085942,"Localization/TP":17.348763324098872,"label top-3 accuracy":0.9556650519371033,"Localization/Binary Accuracy":0.4441596567630768,"AP_1":0.4,"_timestamp":1.7395282007275233e+09,"AP_2":0.18,"trainer/global_step":0,"Localization/IOU":0.0031180227950506345,"AP_0":0.699999988079071,"_step":11,"epoch":0,"Localization/TN":27.067201804940566,"_wandb":{"runtime":24},"avg_AP":0.2680000066757202}