{"Localization/Binary Accuracy":0.6030283570289612,"Localization/FP":34.99050466933749,"Localization/FN":4.7066584038475865,"Localization/IOU":0.007234170294065227,"AP_2":8.16,"_wandb":{"runtime":254},"_timestamp":1.7395403725636933e+09,"AP_3":6.0600000000000005,"_step":10,"_runtime":253.066201236,"AP_0":18.84,"AP_1":12.700000000000001,"trainer/global_step":0,"AP_4":3.0200000000000005,"Localization/TN":46.083723244707684,"Localization/TP":14.219113682107235}