{"epoch":0,"Localization/FN":4.7066584038475865,"Localization/FP":34.99050466933749,"Localization/Binary Accuracy":0.6030283570289612,"AP_3":6.0600000000000005,"_step":11,"Localization/IOU":0.007234170294065227,"AP_0":18.84000015258789,"AP_1":12.700000000000001,"_timestamp":1.739550233446111e+09,"_runtime":269.135517232,"AP_2":8.16,"avg_AP":9.755999565124512,"trainer/global_step":0,"Localization/TN":46.083723244707684,"AP_4":3.0200000000000005,"Localization/TP":14.219113682107235,"_wandb":{"runtime":270}}