{"_wandb":{"runtime":334},"label top-3 accuracy":0.9014778137207031,"label top-5 accuracy":0.9753694534301758,"Localization/IOU":0.009062932118550937,"AP_4":2.9399999999999995,"_step":11,"AP_0":19.43000030517578,"Localization/FN":8.123518394371454,"label top-1 accuracy":0.738916277885437,"Localization/TP":22.920107908116837,"AP_1":13.239999999999998,"AP_2":7.650000000000001,"AP_3":4.94,"Localization/Binary Accuracy":0.6253118515014648,"Localization/TN":39.61107924243157,"_timestamp":1.7394820831918318e+09,"_runtime":332.628638372,"avg_AP":9.640000343322754,"Localization/FP":29.345294455080133,"trainer/global_step":0,"epoch":0}