{"AP_1":10.04,"AP_4":2.23,"AP_2":6.07,"trainer/global_step":0,"Localization/TP":22.043604032808613,"Localization/IOU":0.007603093915611163,"label top-5 accuracy":0.9753694534301758,"avg_AP":7.504000186920166,"Localization/TN":39.99573036486183,"Localization/FN":9.000022269679677,"epoch":0,"_runtime":68.267244817,"AP_0":15.270000457763672,"AP_3":3.91,"_wandb":{"runtime":69},"Localization/Binary Accuracy":0.6203933358192444,"label top-3 accuracy":0.9064039587974548,"_timestamp":1.7394775241256466e+09,"Localization/FP":28.960643332649884,"label top-1 accuracy":0.743842363357544,"_step":11}