{"label top-5 accuracy":0.9901477694511414,"_wandb":{"runtime":235},"AP_4":3.25,"Localization/TP":23.315279534394755,"AP_2":8.53,"_step":11,"avg_AP":10.369999885559082,"AP_0":20.729999542236328,"Localization/Binary Accuracy":0.6399768590927124,"label top-3 accuracy":0.9507389068603516,"Localization/IOU":0.008485498506958773,"AP_3":5.7700000000000005,"_timestamp":1.7394913979275835e+09,"AP_1":13.569999999999999,"Localization/FP":28.273969278592926,"_runtime":234.328444314,"epoch":0,"label top-1 accuracy":0.8423645496368408,"Localization/FN":7.728346768093538,"Localization/TN":40.682404418918786,"trainer/global_step":0}