{"_step":11,"AP_3":1.9,"AP_1":5.64,"Localization/Binary Accuracy":0.5794025659561157,"_runtime":876.107166553,"Localization/FN":7.160316352318619,"epoch":0,"Localization/IOU":0.008075584562005994,"AP_2":3.44,"Localization/TP":11.745643397923084,"Localization/TN":46.19461089110203,"avg_AP":4.263999938964844,"_wandb":{"runtime":878},"AP_0":9.5,"trainer/global_step":0,"_timestamp":1.7395644071690507e+09,"AP_4":0.8400000000000001,"Localization/FP":34.89942935865626}