{"epoch":0,"label top-1 accuracy":0.743842363357544,"Localization/IOU":0.007630098463670621,"AP_4":2.22,"_timestamp":1.7394694731395977e+09,"AP_3":3.8800000000000003,"trainer/global_step":0,"Localization/FP":28.97700002841304,"AP_1":10.000000000000002,"label top-5 accuracy":0.9753694534301758,"Localization/Binary Accuracy":0.6201736927032471,"AP_2":6.05,"Localization/TN":39.97937366909866,"Localization/TP":22.037998216889786,"label top-3 accuracy":0.9014778137207031,"_wandb":{"runtime":66},"_runtime":65.142124817,"Localization/FN":9.005628085598506,"avg_AP":7.51200008392334,"AP_0":15.40999984741211,"_step":11}