{"AP_4":2.6799999999999997,"_runtime":290.100510486,"_step":11,"label top-3 accuracy":0.8620689511299133,"AP_0":18.969999313354492,"Localization/Binary Accuracy":0.6322830319404602,"trainer/global_step":0,"AP_2":7.82,"AP_3":4.909999999999999,"avg_AP":9.444000244140625,"Localization/IOU":0.008405728687805335,"Localization/FN":7.835855566536812,"Localization/FP":28.935839517009043,"label top-5 accuracy":0.9704433679580688,"Localization/TP":23.20777073595148,"_timestamp":1.739486007477234e+09,"_wandb":{"runtime":291},"Localization/TN":40.020534180502665,"label top-1 accuracy":0.7586206793785095,"epoch":0,"AP_1":12.84}