{"Localization/TP":15.331445786000664,"label top-3 accuracy":0.5566502213478088,"AP_4":0.15000000000000002,"AP_3":0.43,"_step":11,"Localization/IOU":0.004233179329562898,"AP_1":1.0899999999999999,"label top-5 accuracy":0.7339901328086853,"AP_0":1.9199999570846558,"_runtime":161.424853837,"avg_AP":0.8460000157356262,"label top-1 accuracy":0.25123152136802673,"epoch":0,"trainer/global_step":0,"_wandb":{"runtime":162},"AP_2":0.6399999999999999,"Localization/FP":35.410326527258476,"Localization/Binary Accuracy":0.4887749254703522,"Localization/TN":33.54604717025323,"_timestamp":1.7394717647804418e+09,"Localization/FN":15.712180516487626}