{"label top-5 accuracy":0.9014778137207031,"AP_4":0.38,"Localization/FN":7.992280868271773,"epoch":0,"_timestamp":1.7394435052844594e+09,"Localization/TN":40.16759085837329,"AP_3":0.96,"avg_AP":3.2679998874664307,"_wandb":{"runtime":332},"label top-1 accuracy":0.4532019793987274,"AP_1":5.1899999999999995,"Localization/IOU":0.010177487882384557,"Localization/TP":23.05134543421652,"Localization/Binary Accuracy":0.6321893334388733,"label top-3 accuracy":0.8374384045600891,"_step":11,"trainer/global_step":0,"_runtime":330.007535425,"Localization/FP":28.788782839138428,"AP_2":2.8499999999999996,"AP_0":6.960000038146973}