{"epoch":0,"trainer/global_step":0,"Localization/IOU":0.009970235178430284,"label top-5 accuracy":0.9704433679580688,"Localization/FN":8.784467128800916,"label top-1 accuracy":0.7586206793785095,"Localization/TN":42.947998762112974,"_runtime":1288.731829831,"AP_0":18.940000534057617,"AP_3":4.58,"AP_1":12.650000000000002,"Localization/FP":26.00837493539873,"_wandb":{"runtime":1290},"_timestamp":1.739487856862553e+09,"_step":11,"Localization/Binary Accuracy":0.6520715951919556,"Localization/TP":22.259159173687376,"avg_AP":9.329999923706055,"AP_2":7.69,"label top-3 accuracy":0.8620689511299133,"AP_4":2.79}