{"Localization/TP":13.38208089422747,"_runtime":62.181140016,"AP_1":8.459999999999999,"Localization/Binary Accuracy":0.5759292244911194,"Localization/FP":36.86338473021819,"trainer/global_step":0,"_step":10,"AP_3":2.92,"Localization/FN":5.543691191727351,"Localization/TN":44.210843183826995,"Localization/IOU":0.006144053773369846,"AP_2":4.54,"AP_4":1.56,"AP_0":12.959999999999999,"_timestamp":1.7395407483400667e+09,"_wandb":{"runtime":63}}