{"_step":11,"Localization/FN":10.847100218933988,"Localization/IOU":0.009480111417839053,"label top-5 accuracy":0.9211822748184204,"AP_2":4.73,"AP_1":8.150000000000002,"Localization/TP":20.167268331977954,"AP_0":13.270000457763672,"Localization/TN":42.25856019609605,"epoch":0,"Localization/FP":26.72707125299201,"AP_3":2.2800000000000002,"trainer/global_step":0,"AP_4":1.0000000000000002,"label top-1 accuracy":0.6256157755851746,"_timestamp":1.7394892224058723e+09,"avg_AP":5.886000156402588,"Localization/Binary Accuracy":0.624258279800415,"_runtime":983.56528228,"_wandb":{"runtime":985},"label top-3 accuracy":0.8522167205810547}