{"AP_3":0.14,"_timestamp":1.7395272077058654e+09,"_runtime":82.994221191,"Localization/TP":15.764068483374134,"Localization/TN":31.407654114451034,"Localization/IOU":0.0032915687315475993,"label top-5 accuracy":1,"Localization/Binary Accuracy":0.4717172384262085,"AP_0":0.75,"AP_2":0.23000000000000004,"avg_AP":0.2919999957084656,"AP_4":0.030000000000000006,"Localization/FP":40.20750677236415,"trainer/global_step":0,"AP_1":0.31,"label top-3 accuracy":0.9507389068603516,"Localization/FN":12.620770629810682,"_step":11,"_wandb":{"runtime":84},"label top-1 accuracy":0.802955687046051,"epoch":0}