{"AP_1":16.08,"Localization/TN":45.37554743096207,"Localization/IOU":0.010045056830864886,"label top-5 accuracy":0.9802955389022827,"AP_4":2.84,"_step":11,"AP_0":23.299999237060547,"Localization/FN":8.836685688044792,"_runtime":1403.358596712,"Localization/FP":23.648940769563335,"trainer/global_step":0,"label top-3 accuracy":0.9014778137207031,"AP_2":9.849999999999998,"AP_3":5.499999999999999,"Localization/TP":22.1388261114298,"label top-1 accuracy":0.7142857313156128,"_wandb":{"runtime":1407},"Localization/Binary Accuracy":0.6751437187194824,"epoch":0,"avg_AP":11.513999938964844,"_timestamp":1.7394020644116952e+09}