{"label top-3 accuracy":0.9113300442695618,"AP_2":7.92,"Localization/FP":29.279560504031966,"Localization/TN":39.676813193479745,"AP_1":13.059999999999999,"Localization/TP":23.290398926755024,"avg_AP":9.609999656677246,"label top-5 accuracy":0.9802955389022827,"AP_0":19.25,"Localization/Binary Accuracy":0.629672110080719,"epoch":0,"AP_3":5.16,"_wandb":{"runtime":258},"label top-1 accuracy":0.743842363357544,"Localization/FN":7.753227375733268,"Localization/IOU":0.00931339773491564,"_step":11,"_timestamp":1.7394816350115333e+09,"_runtime":256.946811976,"AP_4":2.6599999999999997,"trainer/global_step":0}