{"_runtime":255.638659742,"AP_1":5.54,"Localization/TN":40.931517663311624,"Localization/IOU":0.007029139905538233,"avg_AP":4.176000118255615,"AP_3":1.8399999999999999,"trainer/global_step":0,"Localization/FN":6.438778730766484,"AP_0":9.34000015258789,"Localization/Binary Accuracy":0.5341851115226746,"_step":11,"AP_4":0.8,"Localization/TP":12.486993355188336,"_timestamp":1.7396168168145952e+09,"epoch":0,"Localization/FP":40.14271025073356,"_wandb":{"runtime":257},"AP_2":3.3600000000000003}