{"Localization/TN":46.885124545103395,"trainer/global_step":0,"AP_3":5.76,"AP_4":2.84,"Localization/FP":34.18910336894178,"_wandb":{"runtime":266},"AP_0":20.260000228881836,"_step":11,"_runtime":265.129589454,"AP_1":13.520000000000001,"avg_AP":10.196000099182129,"Localization/TP":14.221340650074987,"Localization/IOU":0.007220758661426919,"_timestamp":1.739552065238336e+09,"Localization/Binary Accuracy":0.6110646724700928,"epoch":0,"Localization/FN":4.704431435879833,"AP_2":8.600000000000001}