{"Localization/TN":40.01477478058606,"epoch":0,"_step":11,"AP_1":10.74,"trainer/global_step":0,"Localization/IOU":0.0077948499216750865,"Localization/FN":8.500413524914013,"label top-1 accuracy":0.8571428656578064,"label top-3 accuracy":0.9753694534301758,"_timestamp":1.7393799142601562e+09,"_runtime":65.487809788,"AP_4":1.8100000000000005,"Localization/Binary Accuracy":0.6255798935890198,"AP_0":16.709999084472656,"label top-5 accuracy":0.9852216839790344,"_wandb":{"runtime":66},"Localization/TP":22.54321277757428,"AP_3":3.7000000000000006,"avg_AP":7.886000156402588,"Localization/FP":28.94159891692565,"AP_2":6.470000000000001}