{"avg_AP":9.772000312805176,"trainer/global_step":0,"Localization/FN":7.639805593375614,"Localization/Binary Accuracy":0.632534921169281,"AP_4":3.7999999999999994,"label top-5 accuracy":0.9901477694511414,"label top-3 accuracy":0.9704433679580688,"_runtime":123.050436499,"AP_1":12.639999999999997,"Localization/TN":39.849671982976744,"AP_2":7.9399999999999995,"Localization/TP":23.403820709112676,"Localization/IOU":0.00834000036528971,"_step":11,"epoch":0,"AP_0":18.93000030517578,"Localization/FP":29.10670171453496,"label top-1 accuracy":0.7980295419692993,"_timestamp":1.7394583956105301e+09,"_wandb":{"runtime":124},"AP_3":5.550000000000001}