{"AP_2":0.06999999999999999,"Localization/IOU":0.002941456273030861,"Localization/Binary Accuracy":0.4575432240962982,"AP_1":0.16,"_timestamp":1.7395274028790925e+09,"Localization/FP":41.91575409219624,"AP_3":0.04,"epoch":0,"label top-5 accuracy":0.9950739145278931,"trainer/global_step":0,"AP_4":0.01,"Localization/FN":12.329923489551758,"_runtime":51.945043453,"_wandb":{"runtime":53},"AP_0":0.3100000023841858,"avg_AP":0.11800000071525574,"label top-3 accuracy":0.9507389068603516,"label top-1 accuracy":0.802955687046051,"Localization/TP":16.054915623633057,"_step":11,"Localization/TN":29.699406794618945}