{"AP_4":0.02,"avg_AP":0.2680000066757202,"_runtime":22.785274344,"AP_3":0.04,"Localization/TN":27.067201804940566,"AP_1":0.4,"_timestamp":1.7395280815115914e+09,"AP_2":0.18,"Localization/FP":44.54795908187462,"label top-1 accuracy":0.802955687046051,"Localization/Binary Accuracy":0.4441596567630768,"Localization/FN":11.036075789085942,"epoch":0,"Localization/TP":17.348763324098872,"_step":11,"Localization/IOU":0.0031180227950506345,"label top-3 accuracy":0.9556650519371033,"trainer/global_step":0,"label top-5 accuracy":1,"AP_0":0.699999988079071,"_wandb":{"runtime":24}}