{"Localization/FN":5.543691191727351,"_timestamp":1.7395497318095958e+09,"Localization/IOU":0.006144053773369846,"_runtime":63.873743164,"AP_1":8.459999999999999,"_step":10,"_wandb":{"runtime":65},"Localization/TP":13.38208089422747,"Localization/Binary Accuracy":0.5759292244911194,"Localization/TN":44.210843183826995,"AP_0":12.959999999999999,"AP_3":2.92,"AP_2":4.54,"AP_4":1.56,"trainer/global_step":0,"Localization/FP":36.86338473021819}