{"AP_1":9.96,"Localization/FP":28.97431230845196,"_runtime":201.511470725,"Localization/FN":9.008930141550692,"_wandb":{"runtime":202},"_step":11,"Localization/TN":39.98206138905975,"AP_2":6.0200000000000005,"label top-3 accuracy":0.8965517282485962,"label top-5 accuracy":0.9704433679580688,"epoch":0,"Localization/TP":22.0346961609376,"AP_4":2.22,"label top-1 accuracy":0.743842363357544,"Localization/IOU":0.007621875390003439,"trainer/global_step":0,"avg_AP":7.495999813079834,"AP_3":3.8600000000000003,"Localization/Binary Accuracy":0.6201675534248352,"AP_0":15.420000076293945,"_timestamp":1.7394751799634445e+09}