{"avg_AP":4.176000118255615,"Localization/FP":40.14271025073356,"trainer/global_step":0,"Localization/TN":40.931517663311624,"_wandb":{"runtime":249},"AP_3":1.8399999999999999,"Localization/IOU":0.007029139905538233,"AP_0":9.34000015258789,"AP_4":0.8,"_runtime":248.776646605,"Localization/FN":6.438778730766484,"AP_2":3.3600000000000003,"Localization/TP":12.486993355188336,"epoch":0,"_timestamp":1.7395648570042481e+09,"AP_1":5.54,"_step":11,"Localization/Binary Accuracy":0.5341851115226746}