{"_wandb":{"runtime":215},"Localization/TN":42.82528514788987,"AP_0":14.239999771118164,"AP_2":5.9,"avg_AP":7.136000156402588,"_timestamp":1.7395599226388133e+09,"_runtime":213.978640226,"AP_4":2.08,"Localization/FN":4.82123206618856,"Localization/FP":38.24894276615531,"AP_1":9.52,"trainer/global_step":0,"Localization/Binary Accuracy":0.569298267364502,"Localization/TP":14.10454001976626,"Localization/IOU":0.00747507335785905,"epoch":0,"_step":11,"AP_3":3.9400000000000004}