{"_wandb":{"runtime":96},"trainer/global_step":0,"label top-5 accuracy":0.9802955389022827,"AP_0":16.31999969482422,"AP_4":2.64,"Localization/TN":38.57216028947512,"Localization/FP":30.384213408036594,"AP_3":4.180000000000001,"AP_2":6.630000000000001,"avg_AP":8.192000389099121,"epoch":0,"Localization/IOU":0.008339313111908157,"_runtime":95.067556516,"_step":11,"label top-1 accuracy":0.7142857313156128,"AP_1":11.190000000000001,"label top-3 accuracy":0.9064039587974548,"Localization/FN":7.72082115220251,"Localization/TP":23.32280515028578,"_timestamp":1.7393904876475604e+09,"Localization/Binary Accuracy":0.6189496517181396}