{"_wandb":{"runtime":123},"label top-5 accuracy":0.9802955389022827,"Localization/TN":39.99557678086405,"Localization/TP":22.043373656811948,"AP_2":6.07,"avg_AP":7.504000186920166,"AP_4":2.23,"Localization/FP":28.960796916647663,"AP_1":10.04,"_runtime":121.677789161,"epoch":0,"AP_0":15.270000457763672,"label top-3 accuracy":0.9064039587974548,"_step":11,"trainer/global_step":0,"Localization/IOU":0.007603064412531847,"Localization/Binary Accuracy":0.6203895211219788,"label top-1 accuracy":0.738916277885437,"AP_3":3.91,"Localization/FN":9.000252645676342,"_timestamp":1.7394778309093955e+09}