{"_wandb":{"runtime":407},"Localization/TN":39.561701987146556,"_runtime":405.497726431,"AP_3":4.99,"Localization/Binary Accuracy":0.6264422535896301,"AP_0":18.6299991607666,"_timestamp":1.7394835585141928e+09,"label top-5 accuracy":0.9802955389022827,"label top-1 accuracy":0.738916277885437,"AP_1":13.480000000000004,"Localization/TP":23.082522985765067,"AP_2":7.660000000000001,"_step":11,"AP_4":2.87,"avg_AP":9.526000022888184,"Localization/IOU":0.009158725701360221,"epoch":0,"label top-3 accuracy":0.9064039587974548,"Localization/FP":29.394671710365156,"Localization/FN":7.961103316723224,"trainer/global_step":0}