{"Localization/TP":22.149269823278573,"Localization/TN":42.601052511136764,"_step":11,"AP_0":19.469999313354492,"trainer/global_step":0,"AP_1":13.13,"_runtime":1037.288544034,"AP_4":2.86,"label top-1 accuracy":0.743842363357544,"AP_3":5.19,"epoch":0,"Localization/FP":26.375133522088067,"_timestamp":1.739485246535644e+09,"Localization/FN":8.8745441434966,"_wandb":{"runtime":1039},"Localization/Binary Accuracy":0.6475031971931458,"label top-5 accuracy":0.9802955389022827,"avg_AP":9.71399974822998,"label top-3 accuracy":0.9113300442695618,"AP_2":7.919999999999999,"Localization/IOU":0.010559640551527721}