{"AP_4":0.02,"Localization/Binary Accuracy":0.44422104954719543,"Localization/FN":11.009216554497387,"AP_1":0.39,"_wandb":{"runtime":132},"Localization/TP":17.37562255868743,"Localization/TN":27.04648182397225,"trainer/global_step":0,"AP_3":0.04,"_timestamp":1.739529696840128e+09,"avg_AP":0.2540000081062317,"AP_2":0.16,"AP_0":0.6600000262260437,"label top-5 accuracy":0.9950739145278931,"epoch":0,"Localization/IOU":0.003126376569617065,"label top-1 accuracy":0.802955687046051,"label top-3 accuracy":0.9507389068603516,"_step":11,"Localization/FP":44.56867906284294,"_runtime":130.941957053}