{"Localization/TP":22.450985586909727,"_runtime":1085.961534379,"trainer/global_step":0,"label top-1 accuracy":0.3842364549636841,"AP_0":6.010000228881836,"_wandb":{"runtime":1090},"Localization/TN":44.27081773495856,"_step":11,"label top-3 accuracy":0.6354680061340332,"AP_4":0.89,"Localization/FP":24.73716018580592,"Localization/Binary Accuracy":0.667218029499054,"AP_1":4.15,"AP_3":1.6400000000000001,"label top-5 accuracy":0.8128078579902649,"epoch":0,"AP_2":2.67,"Localization/FN":8.54103649232579,"avg_AP":3.072000026702881,"Localization/IOU":0.009396269356722168,"_timestamp":1.7394419928097544e+09}