{"Localization/FP":29.10347645058166,"AP_3":4.92,"AP_2":7.85,"label top-3 accuracy":0.871921181678772,"trainer/global_step":0,"AP_0":18.950000762939453,"AP_1":12.920000000000002,"_timestamp":1.7394856825026271e+09,"_wandb":{"runtime":381},"epoch":0,"Localization/IOU":0.008428011935717666,"avg_AP":9.461999893188477,"Localization/TP":23.037676458414445,"AP_4":2.67,"Localization/FN":8.005949844073847,"_runtime":380.035020577,"label top-5 accuracy":0.9753694534301758,"Localization/TN":39.85289724693005,"Localization/Binary Accuracy":0.628905713558197,"_step":11,"label top-1 accuracy":0.7684729099273682}