{"Localization/Binary Accuracy":0.6180373430252075,"epoch":0,"trainer/global_step":0,"AP_0":15.880000114440918,"Localization/IOU":0.009039204154668226,"Localization/FN":5.714399805255491,"_step":11,"AP_1":11.219999999999999,"Localization/TN":48.59236426438257,"avg_AP":8.67199993133545,"AP_2":7.659999999999999,"Localization/FP":32.481863649662614,"_timestamp":1.7396179501280787e+09,"AP_4":3.34,"_wandb":{"runtime":706},"AP_3":5.26,"Localization/TP":13.21137228069933,"_runtime":705.041325403}