{"label top-3 accuracy":0.9014778137207031,"label top-5 accuracy":0.9753694534301758,"AP_3":3.88,"AP_4":2.22,"_wandb":{"runtime":124},"AP_2":6.050000000000001,"trainer/global_step":0,"Localization/TN":39.997342996838476,"Localization/FN":9.003247533632976,"Localization/IOU":0.0075922120033584915,"epoch":0,"_timestamp":1.7394776870095048e+09,"avg_AP":7.486000061035156,"AP_1":10,"AP_0":15.279999732971191,"Localization/FP":28.95903070067323,"label top-1 accuracy":0.738916277885437,"_step":11,"_runtime":123.192748163,"Localization/TP":22.040378768855316,"Localization/Binary Accuracy":0.620377242565155}