{"trainer/global_step":0,"AP_1":12.780000000000001,"AP_3":4.17,"Localization/FP":28.963023884615414,"Localization/Binary Accuracy":0.6314183473587036,"label top-3 accuracy":0.935960590839386,"_timestamp":1.7394905700129106e+09,"AP_2":7.3,"label top-5 accuracy":0.9950739145278931,"_runtime":232.897789885,"label top-1 accuracy":0.738916277885437,"Localization/IOU":0.008812376872247141,"Localization/TP":23.148487312809905,"epoch":0,"Localization/FN":7.895138989678388,"_wandb":{"runtime":234},"Localization/TN":39.9933498128963,"_step":11,"avg_AP":9.026000022888184,"AP_4":2.5300000000000002,"AP_0":18.350000381469727}