{"AP_2":4.54,"trainer/global_step":0,"_runtime":60.345366425,"AP_3":2.92,"Localization/FN":5.543691191727351,"Localization/Binary Accuracy":0.5759292244911194,"AP_1":8.459999999999999,"Localization/TN":44.210843183826995,"_timestamp":1.739548349083599e+09,"AP_4":1.56,"_step":10,"Localization/IOU":0.006144053773369846,"Localization/FP":36.86338473021819,"Localization/TP":13.38208089422747,"AP_0":12.959999999999999,"_wandb":{"runtime":61}}