{"avg_AP":12.633999824523926,"Localization/TP":22.18459414276708,"_wandb":{"runtime":865},"label top-3 accuracy":0.8768472671508789,"AP_4":3.16,"Localization/TN":45.83983185623923,"_step":11,"AP_2":10.999999999999998,"_timestamp":1.739464282013346e+09,"AP_3":6.199999999999999,"Localization/FN":8.829774408144866,"label top-5 accuracy":0.9753694534301758,"Localization/FP":23.145799592848824,"AP_1":17.719999999999995,"_runtime":861.790431041,"epoch":0,"Localization/Binary Accuracy":0.6802442669868469,"trainer/global_step":0,"Localization/IOU":0.009742237882003065,"label top-1 accuracy":0.7536945939064026,"AP_0":25.09000015258789}