{"_runtime":148.016555906,"_wandb":{"runtime":149},"AP_4":2.32,"_step":11,"epoch":0,"Localization/TN":35.10838038763065,"Localization/FN":6.661936279535164,"_timestamp":1.7395308482736278e+09,"AP_2":7.1,"Localization/Binary Accuracy":0.5949007272720337,"label top-3 accuracy":0.9507389068603516,"trainer/global_step":0,"Localization/IOU":0.00917044032882575,"label top-1 accuracy":0.7980295419692993,"Localization/FP":33.847993309881055,"AP_3":4.029999999999999,"AP_0":18.399999618530273,"avg_AP":8.711999893188477,"AP_1":11.709999999999999,"Localization/TP":24.38169002295313,"label top-5 accuracy":0.9950739145278931}