{"label top-3 accuracy":0.9014778137207031,"label top-1 accuracy":0.743842363357544,"_wandb":{"runtime":105},"Localization/FP":36.17740180415122,"Localization/Binary Accuracy":0.5827767848968506,"label top-5 accuracy":0.9753694534301758,"AP_1":7.94,"epoch":0,"_step":11,"Localization/TN":32.778971893360485,"avg_AP":5.953999996185303,"AP_3":3.25,"trainer/global_step":0,"Localization/FN":5.54491986370956,"_timestamp":1.7394746998198617e+09,"_runtime":103.699634807,"AP_2":4.95,"AP_0":12.140000343322754,"Localization/IOU":0.008905855786982659,"Localization/TP":25.49870643877873,"AP_4":1.4899999999999998}