{"Localization/TN":44.210843183826995,"AP_4":1.56,"Localization/FN":5.543691191727351,"_timestamp":1.739547879779603e+09,"_runtime":62.82410402,"Localization/TP":13.38208089422747,"AP_0":12.959999999999999,"Localization/Binary Accuracy":0.5759292244911194,"_wandb":{"runtime":64},"Localization/IOU":0.006144053773369846,"_step":10,"AP_2":4.54,"Localization/FP":36.86338473021819,"trainer/global_step":0,"AP_3":2.92,"AP_1":8.459999999999999}