{"AP_0":15.979999542236328,"_timestamp":1.7393805016520128e+09,"AP_1":10.690000000000001,"label top-5 accuracy":0.9753694534301758,"AP_2":6.600000000000001,"AP_3":3.9699999999999998,"Localization/FP":29.865790623543354,"label top-3 accuracy":0.8916256427764893,"AP_4":2.07,"Localization/FN":8.825166888211584,"Localization/TP":22.21845941427671,"trainer/global_step":0,"epoch":0,"_wandb":{"runtime":67},"Localization/Binary Accuracy":0.6130903959274292,"_runtime":65.835382222,"_step":11,"avg_AP":7.861999988555908,"label top-1 accuracy":0.7044335007667542,"Localization/IOU":0.007690814997385,"Localization/TN":39.090583073968354}