{"_step":11,"AP_1":10.739999999999998,"Localization/FN":4.780532306777893,"_wandb":{"runtime":252},"Localization/IOU":0.00743159894307601,"avg_AP":8.175999641418457,"Localization/FP":37.48378728923476,"Localization/TP":14.145239779176928,"Localization/Binary Accuracy":0.5773568153381348,"AP_2":7.18,"Localization/TN":43.59044062481042,"epoch":0,"AP_0":15.640000343322754,"AP_3":4.680000000000001,"_timestamp":1.7395618780652132e+09,"_runtime":249.725492868,"trainer/global_step":0,"AP_4":2.6399999999999997}