{"Localization/IOU":0.007680425399195462,"label top-5 accuracy":0.9704433679580688,"epoch":0,"_step":11,"AP_1":10.010000000000002,"Localization/Binary Accuracy":0.6202589869499207,"_runtime":227.992919757,"trainer/global_step":0,"label top-3 accuracy":0.9014778137207031,"AP_2":6.11,"_wandb":{"runtime":229},"AP_4":2.2,"Localization/FP":28.98352734831852,"Localization/TP":22.053049448671842,"_timestamp":1.7394697397655349e+09,"Localization/TN":39.97284634919318,"avg_AP":7.535999774932861,"AP_3":3.94,"AP_0":15.420000076293945,"label top-1 accuracy":0.7487684488296509,"Localization/FN":8.990576853816448}