{"AP_0":12.959999999999999,"AP_4":1.56,"Localization/FP":36.86338473021819,"Localization/TN":44.210843183826995,"Localization/TP":13.38208089422747,"_runtime":63.742384934,"AP_3":2.92,"AP_1":8.459999999999999,"Localization/Binary Accuracy":0.5759292244911194,"_wandb":{"runtime":65},"Localization/IOU":0.006144053773369846,"trainer/global_step":0,"_timestamp":1.7395470364397407e+09,"Localization/FN":5.543691191727351,"_step":10,"AP_2":4.54}