{"Localization/FP":33.50765117080921,"label top-5 accuracy":1,"Localization/TN":35.4487225267025,"AP_3":3.9,"label top-3 accuracy":0.9556650519371033,"Localization/TP":24.338840087573598,"_step":11,"_wandb":{"runtime":464},"Localization/FN":6.704786214914696,"AP_0":18.290000915527344,"_timestamp":1.7395336617202194e+09,"AP_2":7.3100000000000005,"AP_4":2.15,"avg_AP":8.553999900817871,"epoch":0,"trainer/global_step":0,"Localization/IOU":0.00931119973226671,"Localization/Binary Accuracy":0.5978756546974182,"AP_1":11.12,"_runtime":462.83850019,"label top-1 accuracy":0.807881772518158}