{"_step":11,"_timestamp":1.739551441892943e+09,"AP_2":8.2,"Localization/FP":30.765869642510207,"Localization/FN":5.097376094189994,"_wandb":{"runtime":1171},"AP_0":18.959999084472656,"trainer/global_step":0,"Localization/Binary Accuracy":0.6413675546646118,"epoch":0,"Localization/TN":50.37969803850197,"_runtime":1168.643597318,"AP_1":12.820000000000002,"Localization/IOU":0.008009428797265395,"Localization/TP":13.757056224797825,"AP_3":6.1,"avg_AP":9.815999984741211,"AP_4":3.0000000000000004}