{"_step":11,"Localization/IOU":0.008108363301154026,"Localization/FP":38.03223574529323,"AP_4":2.16,"Localization/TN":43.04199216875195,"AP_1":9.900000000000002,"_timestamp":1.7395596683027844e+09,"trainer/global_step":0,"_wandb":{"runtime":374},"Localization/TP":14.093021219933052,"AP_3":4.0600000000000005,"Localization/FN":4.832750866021768,"epoch":0,"_runtime":373.488570653,"AP_0":15,"avg_AP":7.51200008392334,"AP_2":6.44,"Localization/Binary Accuracy":0.5713501572608948}