{"Localization/TP":22.07992664828266,"_runtime":63.772756807,"trainer/global_step":0,"Localization/IOU":0.00756823998655023,"_step":11,"epoch":0,"_wandb":{"runtime":65},"label top-1 accuracy":0.743842363357544,"AP_4":0.9799999999999999,"Localization/FP":28.986291860278495,"avg_AP":4.335999965667725,"label top-3 accuracy":0.9261083602905273,"AP_0":9.430000305175781,"AP_3":1.9600000000000004,"Localization/FN":8.963699654205628,"Localization/TN":39.97008183723321,"AP_2":3.35,"AP_1":5.96,"label top-5 accuracy":0.9802955389022827,"Localization/Binary Accuracy":0.6205000877380371,"_timestamp":1.739476065435926e+09}