{"AP_3":0.01,"trainer/global_step":0,"Localization/TP":21.13799598992182,"Localization/TN":39.43100200503909,"_runtime":61.586704375,"Localization/FP":29.525371692472618,"label top-1 accuracy":0.03448275849223137,"AP_1":0.02,"Localization/IOU":0.01413489071747391,"Localization/FN":9.905630312566473,"label top-3 accuracy":0.2660098373889923,"_step":11,"AP_2":0.02,"AP_4":0.01,"_timestamp":1.739477416418897e+09,"label top-5 accuracy":0.4926108419895172,"AP_0":0.10000000149011612,"Localization/Binary Accuracy":0.6056900024414062,"_wandb":{"runtime":62},"epoch":0,"avg_AP":0.03200000151991844}