{"_timestamp":1.7394759689221573e+09,"Localization/FN":8.963930030202292,"AP_4":0.9799999999999999,"trainer/global_step":0,"Localization/Binary Accuracy":0.6204785704612732,"label top-1 accuracy":0.738916277885437,"Localization/FP":28.988211660250695,"epoch":0,"Localization/TN":39.96816203726101,"AP_1":5.96,"label top-3 accuracy":0.9261083602905273,"AP_0":9.430000305175781,"avg_AP":4.335999965667725,"Localization/TP":22.079696272285997,"AP_3":1.9600000000000004,"Localization/IOU":0.00756909989049834,"_wandb":{"runtime":106},"label top-5 accuracy":0.9802955389022827,"_runtime":104.904590376,"_step":11,"AP_2":3.35}