{"avg_AP":6.533999919891357,"Localization/TP":24.557390116408992,"epoch":0,"Localization/TN":35.38652100760318,"_runtime":113.621580759,"_timestamp":1.7394742063711658e+09,"AP_2":5.44,"Localization/Binary Accuracy":0.5994390845298767,"AP_1":8.84,"AP_3":3.2900000000000005,"AP_0":13.149999618530273,"label top-3 accuracy":0.9064039587974548,"trainer/global_step":0,"_wandb":{"runtime":115},"Localization/FP":33.56985268990853,"AP_4":1.9500000000000004,"label top-5 accuracy":0.9753694534301758,"_step":11,"label top-1 accuracy":0.7487684488296509,"Localization/FN":6.4862361860793,"Localization/IOU":0.008905526411821072}