{"AP_2":6.88,"AP_3":3.96,"avg_AP":8.682000160217285,"_step":11,"_wandb":{"runtime":1188},"Localization/IOU":0.010512418562850878,"Localization/FP":22.75991979843636,"label top-3 accuracy":0.8472906351089478,"AP_1":12.040000000000001,"Localization/TN":46.24921000231144,"_timestamp":1.739465941998048e+09,"trainer/global_step":0,"epoch":0,"Localization/Binary Accuracy":0.6856918931007385,"Localization/FN":8.670891762445487,"label top-5 accuracy":0.9162561297416687,"AP_4":1.78,"label top-1 accuracy":0.6206896305084229,"AP_0":18.75,"Localization/TP":22.31997843680671,"_runtime":1186.256114101}