{"AP_0":18.68000030517578,"Localization/TP":23.81849750310816,"label top-1 accuracy":0.7832512259483337,"_runtime":120.210456157,"trainer/global_step":0,"label top-5 accuracy":0.9901477694511414,"avg_AP":8.90999984741211,"_step":11,"label top-3 accuracy":0.9655172228813171,"Localization/FN":7.225128799380134,"Localization/IOU":0.008211124567117482,"AP_4":2.42,"Localization/TN":37.815451932432254,"Localization/Binary Accuracy":0.6163395047187805,"AP_3":4.07,"_timestamp":1.7394579607749665e+09,"Localization/FP":31.140921765079455,"AP_1":12.11,"_wandb":{"runtime":122},"AP_2":7.2700000000000005,"epoch":0}