{"_wandb":{"runtime":215},"AP_1":5.95,"label top-3 accuracy":0.9162561297416687,"label top-1 accuracy":0.7339901328086853,"Localization/TP":22.07716213632269,"label top-5 accuracy":0.9753694534301758,"AP_4":0.9599999999999997,"_runtime":212.568410495,"avg_AP":4.329999923706055,"trainer/global_step":0,"Localization/IOU":0.007559684363451499,"Localization/FN":8.966464166165599,"AP_3":1.9400000000000002,"AP_0":9.449999809265137,"Localization/FP":28.985063188296284,"_step":11,"epoch":0,"AP_2":3.3500000000000005,"Localization/TN":39.97131050921542,"_timestamp":1.7394758271092415e+09,"Localization/Binary Accuracy":0.6204847097396851}