{"Localization/IOU":0.007307763379602744,"Localization/FN":8.947650126438027,"AP_4":2.25,"trainer/global_step":0,"epoch":0,"_wandb":{"runtime":267},"_step":11,"Localization/Binary Accuracy":0.6183913946151733,"_timestamp":1.73947954066287e+09,"AP_2":6.200000000000001,"Localization/TP":22.095976176050264,"Localization/TN":39.74316148051902,"AP_0":15.069999694824219,"label top-1 accuracy":0.7339901328086853,"label top-5 accuracy":0.9753694534301758,"label top-3 accuracy":0.8965517282485962,"Localization/FP":29.213212216992684,"AP_1":9.930000000000001,"avg_AP":7.495999813079834,"_runtime":265.883284416,"AP_3":4.029999999999999}