{"avg_AP":11.513999938964844,"AP_4":2.84,"Localization/Binary Accuracy":0.6751437187194824,"Localization/TP":22.1388261114298,"_timestamp":1.7393992457305517e+09,"trainer/global_step":0,"Localization/FP":23.648940769563335,"Localization/IOU":0.010045056830864886,"_step":11,"epoch":0,"AP_3":5.499999999999999,"AP_1":16.08,"Localization/TN":45.37554743096207,"AP_0":23.299999237060547,"_runtime":1273.213654643,"Localization/FN":8.836685688044792,"_wandb":{"runtime":1279},"AP_2":9.849999999999998}