{"AP_3":3.9300000000000006,"AP_1":10,"label top-3 accuracy":0.9064039587974548,"AP_2":6.11,"epoch":0,"Localization/Binary Accuracy":0.6205699443817139,"avg_AP":7.501999855041504,"_wandb":{"runtime":245},"label top-1 accuracy":0.743842363357544,"_runtime":241.567399924,"Localization/IOU":0.007651637095995815,"AP_0":15.260000228881836,"Localization/FN":8.983972741912075,"AP_4":2.21,"_timestamp":1.7394678804788888e+09,"label top-5 accuracy":0.9753694534301758,"Localization/TN":39.997342996838476,"_step":11,"trainer/global_step":0,"Localization/TP":22.059653560576216,"Localization/FP":28.95903070067323}