{"AP_2":5.9,"_step":11,"Localization/TN":39.981984597060865,"label top-1 accuracy":0.738916277885437,"trainer/global_step":0,"AP_1":9.67,"AP_0":14.890000343322754,"Localization/TP":22.039918016861986,"epoch":0,"Localization/IOU":0.0076396554850693245,"Localization/FP":28.97438910045085,"label top-3 accuracy":0.8965517282485962,"_wandb":{"runtime":166},"_timestamp":1.7394785088402321e+09,"avg_AP":7.288000106811523,"AP_3":3.8,"AP_4":2.18,"_runtime":165.50668056,"label top-5 accuracy":0.9753694534301758,"Localization/FN":9.003708285626304,"Localization/Binary Accuracy":0.6202190518379211}