{"AP_0":23.940000534057617,"epoch":0,"avg_AP":11.644000053405762,"_timestamp":1.739567272000768e+09,"Localization/Binary Accuracy":0.5517005920410156,"AP_4":3.1999999999999997,"_step":11,"Localization/FP":40.56998093254668,"Localization/TN":40.504246981498504,"Localization/TP":14.665812739639032,"_runtime":237.890330477,"_wandb":{"runtime":239},"AP_2":9.780000000000001,"Localization/IOU":0.007493935681943948,"trainer/global_step":0,"AP_1":15.420000000000002,"AP_3":5.880000000000001,"Localization/FN":4.259959346315789}