{"Localization/FP":40.600467356105234,"AP_0":24.3799991607666,"AP_4":3.22,"trainer/global_step":0,"Localization/FN":4.200368755178661,"AP_2":9.72,"Localization/TP":14.72540333077616,"Localization/TN":40.47376055793995,"_wandb":{"runtime":801},"_runtime":800.312000097,"AP_3":5.36,"_timestamp":1.7395681201835217e+09,"Localization/Binary Accuracy":0.5519916415214539,"_step":11,"avg_AP":11.65999984741211,"epoch":0,"Localization/IOU":0.007672008434781503,"AP_1":15.62}