{"AP_2":7.450000000000001,"Localization/Binary Accuracy":0.6544790267944336,"avg_AP":8.989999771118164,"_timestamp":1.7394489648430924e+09,"_runtime":555.919889944,"label top-3 accuracy":0.9753694534301758,"AP_3":4.930000000000001,"label top-5 accuracy":0.9901477694511414,"Localization/TN":43.51733464186899,"AP_4":3.05,"label top-1 accuracy":0.802955687046051,"trainer/global_step":0,"_wandb":{"runtime":559},"Localization/TP":21.930566210445402,"AP_0":17.719999313354492,"_step":11,"Localization/IOU":0.010967501975158628,"Localization/FN":9.10200204420301,"epoch":0,"AP_1":11.8,"Localization/FP":25.450097103482594}