{"AP_3":1.9600000000000004,"AP_1":5.96,"Localization/IOU":0.00756823998655023,"_step":11,"label top-1 accuracy":0.743842363357544,"Localization/FP":28.986291860278495,"epoch":0,"_wandb":{"runtime":67},"AP_0":9.430000305175781,"Localization/TP":22.07992664828266,"_timestamp":1.7394769576632206e+09,"avg_AP":4.335999965667725,"_runtime":66.033320989,"AP_2":3.35,"Localization/Binary Accuracy":0.6205000877380371,"Localization/FN":8.963699654205628,"trainer/global_step":0,"AP_4":0.9799999999999999,"label top-5 accuracy":0.9753694534301758,"Localization/TN":39.97008183723321,"label top-3 accuracy":0.9211822748184204}