{"_wandb":{"runtime":109},"AP_1":10.020000000000001,"Localization/FP":28.982298676336317,"_timestamp":1.739474338108618e+09,"AP_4":2.25,"epoch":0,"Localization/TP":22.046291752769694,"_runtime":107.800140401,"Localization/IOU":0.007644527893237688,"label top-5 accuracy":0.9704433679580688,"AP_2":6.089999999999999,"trainer/global_step":0,"Localization/FN":8.997334549718596,"AP_0":15.449999809265137,"Localization/TN":39.974075021175395,"_step":11,"AP_3":3.9300000000000006,"label top-3 accuracy":0.8965517282485962,"Localization/Binary Accuracy":0.6202036738395691,"avg_AP":7.547999858856201,"label top-1 accuracy":0.743842363357544}