{"_step":11,"Localization/TN":39.74684749646565,"trainer/global_step":0,"Localization/TP":22.084073416222616,"avg_AP":7.458000183105469,"Localization/FN":8.959552886265675,"label top-5 accuracy":0.9704433679580688,"_wandb":{"runtime":164},"AP_1":9.84,"AP_3":4.049999999999999,"Localization/FP":29.20952620104606,"label top-1 accuracy":0.7290640473365784,"AP_0":14.979999542236328,"epoch":0,"_runtime":162.838448755,"AP_4":2.26,"label top-3 accuracy":0.8866994976997375,"_timestamp":1.7394791863148835e+09,"AP_2":6.160000000000001,"Localization/IOU":0.007300319904428029,"Localization/Binary Accuracy":0.6183091998100281}