{"_step":11,"avg_AP":0.004000000189989805,"_wandb":{"runtime":635},"AP_1":0,"Localization/IOU":0.029817031114784356,"AP_2":0,"AP_4":0,"Localization/TP":10.547534631271699,"Localization/FN":8.378237454683122,"_runtime":634.509645374,"_timestamp":1.739566673142691e+09,"trainer/global_step":0,"Localization/Binary Accuracy":0.5151306986808777,"Localization/TN":40.96553651881903,"AP_0":0.019999999552965164,"Localization/FP":40.108691395226145,"epoch":0,"AP_3":0}