{"AP_4":0.63,"trainer/global_step":0,"AP_0":3.2200000286102295,"_step":11,"AP_3":0.93,"Localization/TN":36.1550553324748,"label top-1 accuracy":0.23152709007263184,"Localization/IOU":0.0159494290557586,"AP_1":2.3099999999999996,"Localization/FN":12.12184740047565,"_runtime":169.79254757,"label top-5 accuracy":0.871921181678772,"epoch":0,"Localization/Binary Accuracy":0.5507683157920837,"_wandb":{"runtime":171},"Localization/TP":18.921778902012644,"avg_AP":1.7020000219345093,"_timestamp":1.7394789660628815e+09,"label top-3 accuracy":0.6699507236480713,"AP_2":1.4200000000000002,"Localization/FP":32.801318365036906}