{"AP_2":2.48,"_wandb":{"runtime":152},"Localization/FN":7.702237488471601,"label top-3 accuracy":0.8423645496368408,"Localization/TN":39.773033568086475,"_timestamp":1.7394444862288017e+09,"AP_0":6.880000114440918,"Localization/IOU":0.009561853114172557,"Localization/Binary Accuracy":0.6311442255973816,"label top-1 accuracy":0.3645320236682892,"_runtime":150.386038229,"label top-5 accuracy":0.9113300442695618,"AP_4":0.6599999999999999,"epoch":0,"avg_AP":3.25600004196167,"AP_3":1.4700000000000002,"Localization/TP":23.34138881401669,"AP_1":4.790000000000001,"Localization/FP":29.183340129425233,"_step":11,"trainer/global_step":0}