{"AP_2":6.579999999999998,"Localization/TP":24.31772228787938,"Localization/Binary Accuracy":0.5946826338768005,"label top-3 accuracy":0.9556650519371033,"_wandb":{"runtime":905},"label top-5 accuracy":1,"Localization/FN":6.72590401460891,"avg_AP":7.817999839782715,"Localization/IOU":0.009396233677642524,"Localization/TN":35.150539195020194,"AP_3":3.46,"_timestamp":1.739536066863957e+09,"Localization/FP":33.805834502491514,"AP_0":17.110000610351562,"trainer/global_step":0,"_step":11,"epoch":0,"AP_1":9.920000000000002,"label top-1 accuracy":0.802955687046051,"AP_4":2.02,"_runtime":903.60087285}