{"AP_1":12.1,"Localization/FN":4.744977611292724,"avg_AP":9.279999732971191,"AP_3":5.52,"_wandb":{"runtime":118},"Localization/TN":43.83394805328443,"trainer/global_step":0,"_runtime":116.99938159,"epoch":0,"_step":11,"AP_0":17.100000381469727,"Localization/IOU":0.007530656624918588,"Localization/FP":37.24027986076075,"AP_2":8.14,"AP_4":3.5400000000000005,"Localization/TP":14.180794474662095,"Localization/Binary Accuracy":0.5801474452018738,"_timestamp":1.7396171898824458e+09}