{"Localization/TN":43.867813324794064,"AP_0":19,"_wandb":{"runtime":117},"Localization/IOU":0.007616035474459522,"Localization/FN":4.591931157508837,"Localization/TP":14.333840928445984,"trainer/global_step":0,"Localization/Binary Accuracy":0.5820165276527405,"Localization/FP":37.20641458925112,"avg_AP":10.347999572753906,"AP_1":13.420000000000002,"_timestamp":1.7396181294290435e+09,"AP_3":6.2,"epoch":0,"_runtime":115.782232965,"AP_2":9.12,"_step":11,"AP_4":4.000000000000001}