{"Localization/TN":39.56346820312098,"epoch":0,"Localization/TP":14.645539651932586,"_step":11,"Localization/FP":41.5107597109242,"_wandb":{"runtime":965},"AP_1":10.999999999999998,"_runtime":963.85405773,"_timestamp":1.7395708701929243e+09,"avg_AP":8.088000297546387,"Localization/Binary Accuracy":0.5420900583267212,"AP_0":16.34000015258789,"AP_3":3.9200000000000004,"AP_2":7.32,"AP_4":1.86,"Localization/FN":4.280232434022235,"trainer/global_step":0,"Localization/IOU":0.008907485124395582}