{"_step":11,"_runtime":177.130382286,"Localization/FN":7.40628112475705,"Localization/TP":23.63734517773124,"label top-1 accuracy":0.738916277885437,"Localization/IOU":0.008719459913322779,"AP_1":11.720000000000002,"Localization/Binary Accuracy":0.6183821558952332,"trainer/global_step":0,"label top-3 accuracy":0.8965517282485962,"label top-5 accuracy":0.9753694534301758,"AP_4":2.6499999999999995,"_timestamp":1.7394805507554414e+09,"Localization/FP":30.75550272266032,"avg_AP":8.692000389099121,"AP_3":4.450000000000001,"_wandb":{"runtime":178},"AP_2":7.159999999999999,"epoch":0,"Localization/TN":38.200870974851384,"AP_0":17.479999542236328}