{"Localization/TP":23.42363304482579,"label top-3 accuracy":0.9852216839790344,"epoch":0,"AP_3":4.67,"label top-1 accuracy":0.8177340030670166,"_wandb":{"runtime":126},"_runtime":123.946861643,"Localization/IOU":0.008905017918364679,"Localization/Binary Accuracy":0.6209009289741516,"label top-5 accuracy":0.9950739145278931,"AP_0":19.549999237060547,"Localization/FN":7.6199932576624985,"Localization/TN":38.666460864109645,"AP_4":2.7000000000000006,"avg_AP":9.543999671936035,"_timestamp":1.739448228239482e+09,"_step":11,"Localization/FP":30.28991283340206,"trainer/global_step":0,"AP_2":8.02,"AP_1":12.780000000000001}