{"AP_3":5.3100000000000005,"Localization/FN":7.971086276578671,"label top-1 accuracy":0.738916277885437,"trainer/global_step":0,"AP_1":13.440000000000001,"Localization/TP":23.07254002590962,"Localization/FP":29.205840185099436,"label top-5 accuracy":0.9753694534301758,"_timestamp":1.7394830751232338e+09,"label top-3 accuracy":0.9014778137207031,"AP_0":19.93000030517578,"Localization/Binary Accuracy":0.6282307505607605,"Localization/IOU":0.009261039577474069,"AP_2":8.08,"AP_4":2.8899999999999997,"_wandb":{"runtime":366},"Localization/TN":39.750533512412275,"_runtime":365.365231138,"_step":11,"epoch":0,"avg_AP":9.930000305175781}