{"Localization/TP":13.38208089422747,"_step":10,"AP_0":12.959999999999999,"Localization/FN":5.543691191727351,"AP_1":8.459999999999999,"_runtime":61.065221818,"AP_2":4.54,"_timestamp":1.739547262131971e+09,"_wandb":{"runtime":62},"AP_3":2.92,"Localization/TN":44.210843183826995,"Localization/FP":36.86338473021819,"Localization/IOU":0.006144053773369846,"AP_4":1.56,"trainer/global_step":0,"Localization/Binary Accuracy":0.5759292244911194}