{"_wandb":{"runtime":64},"AP_4":1.56,"_runtime":62.746880904,"_step":10,"Localization/IOU":0.006144053773369846,"Localization/FN":5.543691191727351,"AP_1":8.459999999999999,"AP_0":12.959999999999999,"Localization/Binary Accuracy":0.5759292244911194,"Localization/FP":36.86338473021819,"trainer/global_step":0,"_timestamp":1.7395481187091374e+09,"AP_3":2.92,"Localization/TP":13.38208089422747,"AP_2":4.54,"Localization/TN":44.210843183826995}