{"label top-3 accuracy":0.9211822748184204,"AP_1":5.159999999999999,"epoch":0,"_step":11,"AP_3":1.2000000000000002,"Localization/FN":16.372130954931542,"avg_AP":3.569999933242798,"_timestamp":1.7394770877893686e+09,"label top-5 accuracy":0.9753694534301758,"Localization/Binary Accuracy":0.6849884986877441,"Localization/TN":53.82735162057995,"AP_0":8.40999984741211,"Localization/FP":15.129022076931761,"AP_2":2.45,"_runtime":46.288758576,"label top-1 accuracy":0.738916277885437,"trainer/global_step":0,"Localization/TP":14.671495347556748,"AP_4":0.63,"Localization/IOU":0.006826431339445808,"_wandb":{"runtime":47}}