{"_step":11,"epoch":0,"Localization/TN":39.95357155747229,"label top-3 accuracy":0.931034505367279,"AP_3":4.64,"Localization/FN":7.837237822516796,"AP_0":18.420000076293945,"Localization/Binary Accuracy":0.6315996050834656,"Localization/IOU":0.008858449322530323,"label top-5 accuracy":0.9901477694511414,"_wandb":{"runtime":165},"Localization/TP":23.206388479971494,"AP_2":7.83,"trainer/global_step":0,"avg_AP":9.29800033569336,"AP_1":13,"Localization/FP":29.002802140039424,"_timestamp":1.7394900907442431e+09,"label top-1 accuracy":0.7536945939064026,"_runtime":164.12959573,"AP_4":2.6}