{"Localization/TP":13.445895045303441,"AP_1":9.82,"AP_2":6.36,"AP_3":4.0600000000000005,"AP_0":14.699999809265137,"avg_AP":7.423999786376953,"Localization/TN":46.1890050751832,"trainer/global_step":0,"_runtime":1465.294570708,"Localization/IOU":0.009121007045907703,"_step":11,"Localization/FN":5.460064704938263,"AP_4":2.1799999999999997,"Localization/FP":34.90503517457509,"_wandb":{"runtime":1471},"Localization/Binary Accuracy":0.5963490009307861,"_timestamp":1.73956145179905e+09,"epoch":0}