{"AP_3":2.7399999999999998,"Localization/TP":13.249768280143357,"avg_AP":5.420000076293945,"_timestamp":1.739554276400377e+09,"Localization/IOU":0.007773904963099479,"_wandb":{"runtime":947},"trainer/global_step":0,"_step":11,"Localization/Binary Accuracy":0.640465259552002,"Localization/FP":30.307805369142976,"Localization/TN":50.796755384462976,"AP_1":7.039999999999999,"_runtime":946.308586439,"AP_4":1.3800000000000001,"Localization/FN":5.645670966250684,"AP_0":11.819999694824219,"epoch":0,"AP_2":4.119999999999999}