{"AP_2":0.030000000000000006,"Localization/FN":12.01656557000013,"label top-5 accuracy":0.5517241358757019,"Localization/TP":19.02706073248816,"_wandb":{"runtime":65},"epoch":0,"trainer/global_step":0,"_step":11,"Localization/IOU":0.015193423839149484,"Localization/Binary Accuracy":0.5534698963165283,"Localization/FP":32.63644594342426,"_timestamp":1.7394688852119718e+09,"label top-3 accuracy":0.3694581389427185,"AP_0":0.14000000059604645,"AP_1":0.06000000000000001,"Localization/TN":36.319927754087445,"avg_AP":0.04600000008940697,"_runtime":63.749489925,"AP_3":0,"AP_4":0,"label top-1 accuracy":0.10837438702583313}