{"Localization/FN":11.036075789085942,"AP_2":0.18,"trainer/global_step":0,"Localization/TP":17.348763324098872,"label top-5 accuracy":0.9950739145278931,"AP_4":0.02,"_step":11,"avg_AP":0.2680000066757202,"Localization/TN":27.067201804940566,"_runtime":23.637153068,"AP_0":0.699999988079071,"_timestamp":1.7395288315735884e+09,"_wandb":{"runtime":24},"AP_3":0.04,"AP_1":0.4,"label top-1 accuracy":0.802955687046051,"epoch":0,"Localization/FP":44.54795908187462,"label top-3 accuracy":0.9507389068603516,"Localization/IOU":0.0031180227950506345,"Localization/Binary Accuracy":0.4441596567630768}