{"AP_3":3.9200000000000004,"Localization/TN":34.94373834201467,"AP_0":18.139999389648438,"label top-1 accuracy":0.802955687046051,"_step":11,"Localization/FN":6.680673527263847,"avg_AP":8.640000343322754,"Localization/TP":24.362952775224443,"_runtime":278.160100444,"_wandb":{"runtime":279},"Localization/IOU":0.008956965318148685,"Localization/FP":34.01263535549704,"trainer/global_step":0,"AP_4":2.37,"Localization/Binary Accuracy":0.593066930770874,"AP_1":11.740000000000002,"_timestamp":1.7395325516289675e+09,"label top-3 accuracy":0.9507389068603516,"AP_2":7.029999999999999,"label top-5 accuracy":0.9950739145278931,"epoch":0}