{"avg_AP":9.595999717712402,"_runtime":247.075316168,"label top-5 accuracy":0.9753694534301758,"Localization/Binary Accuracy":0.6312440633773804,"AP_2":7.839999999999999,"_wandb":{"runtime":248},"epoch":0,"Localization/TP":23.18227579232065,"Localization/TN":39.94212954963796,"AP_0":19.6200008392334,"label top-3 accuracy":0.871921181678772,"Localization/FN":7.861350510167645,"AP_4":2.8200000000000003,"label top-1 accuracy":0.7586206793785095,"_step":11,"trainer/global_step":0,"AP_1":13.070000000000002,"Localization/FP":29.014244147873747,"_timestamp":1.7394862706787925e+09,"AP_3":4.630000000000001,"Localization/IOU":0.008335476598091406}