{"label top-1 accuracy":0.7093595862388611,"_step":11,"_wandb":{"runtime":68},"AP_2":6.36,"trainer/global_step":0,"label top-5 accuracy":0.9753694534301758,"label top-3 accuracy":0.9014778137207031,"_runtime":66.850970001,"Localization/TP":22.126846559603262,"_timestamp":1.7394447263443093e+09,"AP_1":10.559999999999999,"Localization/TN":39.14057466524448,"Localization/Binary Accuracy":0.6126742362976074,"Localization/FN":8.91677974288503,"Localization/IOU":0.0076008210661665234,"epoch":0,"AP_0":15.8100004196167,"Localization/FP":29.815799032267233,"AP_3":4.04,"avg_AP":7.789999961853027,"AP_4":2.18}