{"AP_0":19.170000076293945,"Localization/IOU":0.008915045990981769,"AP_4":3.0599999999999996,"epoch":0,"AP_3":5.14,"AP_1":12.66,"_step":11,"label top-3 accuracy":0.9802955389022827,"_wandb":{"runtime":92},"Localization/FN":7.862886350145406,"label top-1 accuracy":0.807881772518158,"_runtime":90.524153731,"label top-5 accuracy":0.9901477694511414,"Localization/Binary Accuracy":0.6277285218238831,"Localization/TN":39.59211161870622,"_timestamp":1.7394466930413861e+09,"Localization/TP":23.180739952342886,"trainer/global_step":0,"Localization/FP":29.364262078805485,"AP_2":7.9300000000000015,"avg_AP":9.592000007629395}