{"_step":11,"AP_1":0.37,"Localization/IOU":0.017252413364155814,"_runtime":26.258802006,"Localization/TN":0.142737646670606,"_timestamp":1.7395279450957391e+09,"AP_3":0.01,"Localization/TP":28.31730732336216,"_wandb":{"runtime":27},"Localization/FP":71.47242324014458,"AP_4":0,"label top-1 accuracy":0.807881772518158,"Localization/FN":0.06753178982265232,"AP_0":0.7900000214576721,"label top-5 accuracy":1,"label top-3 accuracy":0.9556650519371033,"trainer/global_step":0,"epoch":0,"Localization/Binary Accuracy":0.2846004366874695,"avg_AP":0.2540000081062317,"AP_2":0.1}