{"_timestamp":1.7394452878967495e+09,"label top-5 accuracy":0.9704433679580688,"trainer/global_step":0,"epoch":0,"Localization/IOU":0.009544365127952903,"AP_3":5.1899999999999995,"AP_4":2.87,"label top-1 accuracy":0.7093595862388611,"Localization/TP":23.116849009268027,"label top-3 accuracy":0.8965517282485962,"_runtime":284.524636121,"Localization/FN":7.9267772932202645,"_step":11,"AP_0":21.809999465942383,"Localization/FP":27.346705892019695,"Localization/TN":41.60966780549201,"_wandb":{"runtime":285},"AP_2":8.75,"Localization/Binary Accuracy":0.6472651958465576,"AP_1":14.969999999999999,"avg_AP":10.718000411987305}