{"epoch":0,"AP_1":12.499999999999998,"Localization/IOU":0.011421420043605829,"Localization/TN":42.78612122845696,"avg_AP":9.444000244140625,"AP_0":18.889999389648438,"_step":11,"_runtime":1025.437538234,"label top-5 accuracy":0.9901477694511414,"AP_4":2.9600000000000004,"trainer/global_step":0,"label top-3 accuracy":0.9753694534301758,"Localization/FP":26.170252469054745,"Localization/TP":22.338869268533173,"AP_2":8.01,"AP_3":4.86,"label top-1 accuracy":0.807881772518158,"Localization/FN":8.704757033955119,"Localization/Binary Accuracy":0.651249885559082,"_wandb":{"runtime":1030},"_timestamp":1.739447997238313e+09}