{"Localization/TP":13.847286823491286,"AP_0":11.680000305175781,"AP_4":1.34,"Localization/FP":34.51815708417708,"epoch":0,"_wandb":{"runtime":272},"_timestamp":1.7395533033680282e+09,"AP_2":4.04,"Localization/Binary Accuracy":0.6040335893630981,"Localization/TN":46.5560708298681,"avg_AP":5.335999965667725,"Localization/IOU":0.007245483464252868,"_runtime":271.361265751,"AP_1":6.9399999999999995,"Localization/FN":5.078485262463533,"AP_3":2.68,"trainer/global_step":0,"_step":11}