{"Localization/TP":23.50226805168716,"label top-1 accuracy":0.7093595862388611,"label top-3 accuracy":0.9064039587974548,"AP_4":2.1799999999999997,"avg_AP":6.98199987411499,"_step":11,"Localization/IOU":0.00809229147319857,"Localization/FP":29.863640447574486,"AP_1":9.370000000000001,"epoch":0,"Localization/TN":39.092733249937226,"_wandb":{"runtime":98},"AP_0":14.380000114440918,"AP_3":3.55,"_runtime":97.202788361,"AP_2":5.43,"Localization/FN":7.541358250801132,"label top-5 accuracy":0.9753694534301758,"trainer/global_step":0,"Localization/Binary Accuracy":0.625950038433075,"_timestamp":1.7393901581021645e+09}