{"Localization/FN":7.820573958758089,"epoch":0,"AP_3":4.630000000000001,"label top-3 accuracy":0.866995096206665,"_runtime":219.352441323,"label top-5 accuracy":0.9704433679580688,"Localization/TP":23.223052343730203,"Localization/TN":39.68165108940969,"_wandb":{"runtime":220},"avg_AP":9.465999603271484,"_timestamp":1.7394865176242971e+09,"AP_0":19.43000030517578,"Localization/Binary Accuracy":0.6290470361709595,"_step":11,"trainer/global_step":0,"Localization/FP":29.274722608102017,"Localization/IOU":0.00859548006299838,"AP_1":12.909999999999997,"label top-1 accuracy":0.7635468244552612,"AP_4":2.7300000000000004,"AP_2":7.63}