{"trainer/global_step":0,"_runtime":95.326902906,"_timestamp":1.739490788818097e+09,"Localization/TN":39.84729143101122,"Localization/TP":23.272583183012998,"AP_1":15.12,"AP_3":5.75,"_step":11,"Localization/Binary Accuracy":0.6311987638473511,"label top-3 accuracy":0.9852216839790344,"label top-1 accuracy":0.8275862336158752,"label top-5 accuracy":0.9950739145278931,"AP_4":3.4199999999999995,"_wandb":{"runtime":96},"Localization/IOU":0.008938036794990509,"epoch":0,"AP_0":21.760000228881836,"avg_AP":11.12399959564209,"Localization/FN":7.771043119475296,"Localization/FP":29.10908226650049,"AP_2":9.57}