{"AP_0":12.960000038146973,"Localization/TN":44.210843183826995,"Localization/IOU":0.006144053773369846,"_timestamp":1.7395491039741042e+09,"label top-5 accuracy":0.2068965584039688,"label top-1 accuracy":0.2068965584039688,"_wandb":{"runtime":64},"label top-3 accuracy":0.2068965584039688,"_step":11,"AP_4":1.56,"Localization/FP":36.86338473021819,"avg_AP":6.0879998207092285,"epoch":0,"Localization/TP":13.38208089422747,"AP_1":8.459999999999999,"AP_2":4.54,"trainer/global_step":0,"_runtime":63.017827126,"AP_3":2.92,"Localization/FN":5.543691191727351,"Localization/Binary Accuracy":0.5759292244911194}