{"_timestamp":1.7394028694471514e+09,"Localization/TN":44.04919602616764,"_runtime":332.098360803,"avg_AP":11.793999671936035,"label top-3 accuracy":0.9753694534301758,"label top-5 accuracy":0.9852216839790344,"label top-1 accuracy":0.8620689511299133,"Localization/IOU":0.009375819859860928,"AP_2":9.95,"AP_3":6.040000000000001,"AP_1":16.4,"_wandb":{"runtime":334},"AP_0":23.420000076293945,"Localization/FP":24.907177671344066,"AP_4":3.1600000000000006,"Localization/TP":23.179895240355116,"Localization/FN":7.863731062133174,"Localization/Binary Accuracy":0.6722909212112427,"_step":11,"epoch":0,"trainer/global_step":0}