{"trainer/global_step":0,"_timestamp":1.7394449632951257e+09,"label top-3 accuracy":0.9064039587974548,"_wandb":{"runtime":211},"Localization/FN":8.328706615400328,"AP_2":9.290000000000001,"Localization/FP":26.252266323867186,"Localization/IOU":0.009017158950806438,"AP_0":22.729999542236328,"Localization/TN":42.704107373644526,"label top-5 accuracy":0.9802955389022827,"_runtime":210.198435744,"AP_4":2.8100000000000005,"label top-1 accuracy":0.7142857313156128,"AP_3":5.51,"Localization/TP":22.71491968708796,"epoch":0,"Localization/Binary Accuracy":0.6541902422904968,"AP_1":15.250000000000004,"_step":11,"avg_AP":11.118000030517578}