{"Localization/TN":44.210843183826995,"_wandb":{"runtime":65},"trainer/global_step":0,"Localization/FP":36.86338473021819,"AP_3":2.92,"Localization/TP":13.38208089422747,"AP_4":1.56,"_runtime":63.996205137,"Localization/Binary Accuracy":0.5759292244911194,"Localization/IOU":0.006144053773369846,"epoch":0,"AP_1":8.459999999999999,"Localization/FN":5.543691191727351,"_timestamp":1.7395498342609186e+09,"avg_AP":6.0879998207092285,"AP_0":12.960000038146973,"AP_2":4.54,"_step":11}