{"label top-5 accuracy":0.9950739145278931,"AP_0":20.020000457763672,"Localization/IOU":0.008518114404385881,"epoch":0,"AP_4":3.2800000000000002,"avg_AP":10.173999786376953,"_step":11,"Localization/TN":40.62527117174607,"Localization/TP":23.344460493972214,"_timestamp":1.7394911077512572e+09,"Localization/FN":7.699165808516079,"_wandb":{"runtime":232},"label top-1 accuracy":0.8226600885391235,"Localization/FP":28.331102525765633,"trainer/global_step":0,"label top-3 accuracy":0.9458128213882446,"AP_3":5.68,"_runtime":231.143546089,"AP_2":8.48,"Localization/Binary Accuracy":0.6396973133087158,"AP_1":13.41}