{"label top-3 accuracy":0.9507389068603516,"Localization/FN":7.696247712558334,"Localization/Binary Accuracy":0.6311918497085571,"epoch":0,"_step":11,"AP_3":4.590000000000001,"Localization/TP":23.347378589929956,"trainer/global_step":0,"label top-1 accuracy":0.802955687046051,"AP_4":2.85,"AP_0":20.239999771118164,"label top-5 accuracy":0.9901477694511414,"Localization/IOU":0.008754842133518168,"Localization/FP":29.184568801407444,"Localization/TN":39.771804896104264,"_timestamp":1.7394917148400357e+09,"_runtime":147.923187499,"_wandb":{"runtime":149},"avg_AP":9.84000015258789,"AP_2":8.17,"AP_1":13.35}