{"Localization/Binary Accuracy":0.5938555598258972,"Localization/IOU":0.009039940989125991,"_wandb":{"runtime":391},"label top-1 accuracy":0.7980295419692993,"AP_0":18.3799991607666,"epoch":0,"trainer/global_step":0,"AP_3":3.95,"AP_4":2.35,"avg_AP":8.694000244140625,"AP_2":7.0600000000000005,"AP_1":11.729999999999999,"label top-3 accuracy":0.9507389068603516,"_step":11,"label top-5 accuracy":0.9950739145278931,"Localization/FP":33.939606164554505,"Localization/FN":6.6748373353483546,"Localization/TP":24.36878896713994,"Localization/TN":35.0167675329572,"_runtime":389.900217192,"_timestamp":1.739532244643921e+09}