{"_timestamp":1.7395529648120005e+09,"Localization/TN":51.19599698668197,"AP_0":20.200000762939453,"trainer/global_step":0,"Localization/TP":13.597559243107343,"Localization/IOU":0.008165459737862308,"Localization/Binary Accuracy":0.6479355692863464,"AP_1":13.580000000000002,"avg_AP":10.14799976348877,"_runtime":847.557389761,"epoch":0,"_step":11,"Localization/FN":5.266702451738149,"AP_3":5.7,"_wandb":{"runtime":849},"AP_4":2.7399999999999998,"Localization/FP":29.939741318472546,"AP_2":8.52}