{"label top-5 accuracy":0.9655172228813171,"trainer/global_step":0,"Localization/Binary Accuracy":0.6186962127685547,"_step":11,"Localization/IOU":0.008281979831839793,"AP_3":3.81,"AP_2":6.8,"AP_0":17.350000381469727,"label top-3 accuracy":0.9014778137207031,"avg_AP":8.232000350952148,"AP_4":2.2,"_wandb":{"runtime":124},"_runtime":123.505736127,"Localization/TN":38.656631488251975,"AP_1":11,"Localization/FN":7.830633710612424,"Localization/TP":23.212992591875867,"label top-1 accuracy":0.7586206793785095,"Localization/FP":30.299742209259733,"epoch":0,"_timestamp":1.7395238673164217e+09}