{"AP_3":3.56,"_step":11,"AP_1":9.78,"AP_2":6.17,"trainer/global_step":0,"label top-5 accuracy":0.9950739145278931,"_runtime":234.970454947,"_wandb":{"runtime":236},"AP_0":16.15999984741211,"Localization/Binary Accuracy":0.6010217666625977,"label top-3 accuracy":0.9507389068603516,"Localization/TP":24.011706172310497,"AP_4":2.13,"Localization/IOU":0.009067062833572443,"Localization/FN":7.031920130177796,"Localization/TN":36.09047326140995,"epoch":0,"avg_AP":7.559999942779541,"Localization/FP":32.86590043610176,"label top-1 accuracy":0.802955687046051,"_timestamp":1.7395318258024292e+09}