{"label top-1 accuracy":0.7142857313156128,"epoch":0,"AP_2":9.16,"AP_0":23.079999923706055,"Localization/Binary Accuracy":0.6718109846115112,"Localization/FP":23.758599743975477,"avg_AP":11.293999671936035,"Localization/IOU":0.009698613183993456,"label top-5 accuracy":0.9802955389022827,"Localization/FN":9.060303988806798,"Localization/TN":45.23509486499583,"_step":11,"AP_3":5.58,"trainer/global_step":0,"_timestamp":1.739446119448372e+09,"_runtime":790.889454725,"AP_1":15.889999999999997,"Localization/TP":21.9460014022219,"_wandb":{"runtime":793},"label top-3 accuracy":0.9064039587974548,"AP_4":2.7600000000000002}