{"Localization/TP":23.539896131142303,"_timestamp":1.7394585280152392e+09,"Localization/TN":39.071692242241895,"_runtime":88.844866957,"label top-3 accuracy":0.9064039587974548,"Localization/FP":29.884681455269813,"AP_1":12.07,"AP_4":2.85,"Localization/FN":7.503730171345987,"avg_AP":8.92199993133545,"_step":11,"label top-1 accuracy":0.7241379022598267,"Localization/IOU":0.008471652120624241,"label top-5 accuracy":0.9655172228813171,"AP_3":4.860000000000001,"trainer/global_step":0,"AP_0":17.40999984741211,"Localization/Binary Accuracy":0.6261158585548401,"_wandb":{"runtime":90},"AP_2":7.42,"epoch":0}