{"AP_1":0.25,"AP_3":0,"trainer/global_step":0,"avg_AP":0.19599999487400055,"label top-1 accuracy":0.8128078579902649,"Localization/FN":3.4456560943603285,"_step":11,"AP_2":0.05,"Localization/FP":59.475554259490906,"Localization/TN":12.139606627324282,"Localization/IOU":0.00817409983272141,"_wandb":{"runtime":25},"Localization/Binary Accuracy":0.3707878887653351,"AP_0":0.6800000071525574,"_runtime":24.272730104,"AP_4":0,"label top-3 accuracy":0.9556650519371033,"epoch":0,"_timestamp":1.7395278907559857e+09,"Localization/TP":24.939183018824487,"label top-5 accuracy":1}