{"AP_0":17.549999237060547,"trainer/global_step":0,"label top-5 accuracy":0.9753694534301758,"Localization/IOU":0.008871438624046317,"label top-3 accuracy":0.9014778137207031,"Localization/FN":7.3051460622214845,"Localization/Binary Accuracy":0.6185956597328186,"epoch":0,"_wandb":{"runtime":250},"Localization/TN":38.121084088006704,"avg_AP":8.793999671936035,"_step":11,"AP_3":4.659999999999999,"Localization/FP":30.835289609505008,"_runtime":248.891512312,"AP_1":11.889999999999999,"_timestamp":1.739480953427091e+09,"AP_2":7.150000000000001,"AP_4":2.7199999999999998,"Localization/TP":23.738480240266806,"label top-1 accuracy":0.738916277885437}