{"trainer/global_step":0,"Localization/TP":13.415331829745995,"_timestamp":1.7395632265118687e+09,"_wandb":{"runtime":1212},"_runtime":1209.840370296,"AP_4":2.54,"Localization/IOU":0.008675394339433151,"_step":11,"Localization/TN":47.485023640416856,"AP_1":10.399999999999999,"epoch":0,"AP_2":6.959999999999999,"AP_0":15.260000228881836,"Localization/Binary Accuracy":0.6090035438537598,"Localization/FN":5.500534088352267,"avg_AP":7.932000160217285,"AP_3":4.5,"Localization/FP":33.59911044148488}