{"label top-5 accuracy":0.9852216839790344,"AP_0":14.239999771118164,"Localization/TN":40.75474248187133,"_timestamp":1.7394439151717572e+09,"AP_4":1.78,"label top-1 accuracy":0.7536945939064026,"trainer/global_step":0,"AP_3":3.3200000000000003,"AP_1":9.25,"AP_2":5.61,"Localization/FP":28.201631215640383,"epoch":0,"Localization/Binary Accuracy":0.6391843557357788,"Localization/IOU":0.00866267431949896,"Localization/TP":23.163692128589737,"label top-3 accuracy":0.9458128213882446,"_runtime":96.151906458,"_wandb":{"runtime":97},"_step":11,"Localization/FN":7.879934173898554,"avg_AP":6.840000152587891}